tumor_sample_barcode	allele	sig_1	sig_4	sig_5	smoke	clock
TCGA-73-4670	A146P	0	0.3740053050397878	0.47745358090185674	0.3740053050397878	0.47745358090185674
TCGA-44-7672	G12A	0	0.7663043478260869	0	0.7663043478260869	0
TCGA-49-AARO	G12A	0	0.6797488226059655	0	0.6797488226059655	0
TCGA-67-4679	G12A	0	0.675	0.19166666666666668	0.675	0.19166666666666668
TCGA-97-7941	G12A	0.15833333333333333	0.6666666666666666	0	0.6666666666666666	0.15833333333333333
TCGA-86-8359	G12A	0	0.5763546798029556	0.1625615763546798	0.5763546798029556	0.1625615763546798
TCGA-91-6836	G12A	0	0.5378486055776892	0.350597609561753	0.5378486055776892	0.350597609561753
TCGA-55-8514	G12A	0	0.5306748466257668	0.3773006134969325	0.5306748466257668	0.3773006134969325
LUAD-RT-S01777	G12A	0	0.4949348769898697	0.38494934876989867	0.4949348769898697	0.38494934876989867
TCGA-NJ-A55R	G12A	0	0.4882154882154882	0.2828282828282828	0.4882154882154882	0.2828282828282828
TCGA-50-5941	G12A	0	0.48448687350835323	0.3007159904534606	0.48448687350835323	0.3007159904534606
TCGA-53-7813	G12A	0	0.4540229885057471	0.3505747126436782	0.4540229885057471	0.3505747126436782
TCGA-69-7980	G12A	0	0.43398392652123996	0.1997703788748565	0.43398392652123996	0.1997703788748565
TCGA-80-5608	G12A	0	0.392	0	0.392	0
TCGA-73-4677	G12A	0	0.3776223776223776	0.2937062937062937	0.3776223776223776	0.2937062937062937
TCGA-62-A46R	G12A	0.08695652173913043	0.3260869565217391	0.42934782608695654	0.3260869565217391	0.5163043478260869
TCGA-83-5908	G12A	0	0.28782287822878233	0.16236162361623616	0.28782287822878233	0.16236162361623616
LUAD-RT-S01866	G12A	0.06299212598425197	0.2677165354330709	0.5354330708661418	0.2677165354330709	0.5984251968503937
TCGA-55-6984	G12A	0	0	0	0	0
TCGA-17-Z037	G12A	0.5548780487804879	0	0	0	0.5548780487804879
TCGA-50-5932	G12C	0	1	0	1	0
TCGA-NJ-A55O	G12C	0	0.8589743589743589	0	0.8589743589743589	0
TCGA-17-Z036	G12C	0	0.6785714285714286	0	0.6785714285714286	0
TCGA-55-1595	G12C	0	0.6763925729442971	0.32360742705570295	0.6763925729442971	0.32360742705570295
TCGA-99-8028	G12C	0	0.6659919028340081	0	0.6659919028340081	0
TCGA-55-A490	G12C	0	0.6578749058025621	0	0.6578749058025621	0
TCGA-55-8302	G12C	0	0.6418300653594772	0.2274509803921569	0.6418300653594772	0.2274509803921569
TCGA-17-Z042	G12C	0	0.6397748592870545	0.0975609756097561	0.6397748592870545	0.0975609756097561
LUAD_E00703	G12C	0.32	0.62	0	0.62	0.32
TCGA-78-7166	G12C	0	0.6171171171171171	0.3153153153153153	0.6171171171171171	0.3153153153153153
TCGA-64-5778	G12C	0	0.6126629422718809	0.11359404096834264	0.6126629422718809	0.11359404096834264
TCGA-64-5774	G12C	0.08053691275167786	0.6040268456375838	0.31543624161073824	0.6040268456375838	0.3959731543624161
TCGA-95-7562	G12C	0	0.6038186157517901	0	0.6038186157517901	0
TCGA-05-4415	G12C	0	0.5918367346938775	0.23265306122448975	0.5918367346938775	0.23265306122448975
TCGA-MP-A4TF	G12C	0	0.5657620041753653	0.2567849686847599	0.5657620041753653	0.2567849686847599
LUAD-RT-S01703	G12C	0	0.5631578947368421	0	0.5631578947368421	0
LUAD-S01331	G12C	0	0.5476190476190477	0.4523809523809524	0.5476190476190477	0.4523809523809524
TCGA-55-8508	G12C	0.06763285024154589	0.5458937198067633	0.30917874396135264	0.5458937198067633	0.37681159420289856
TCGA-93-7347	G12C	0	0.5378787878787878	0.3863636363636364	0.5378787878787878	0.3863636363636364
TCGA-55-8616	G12C	0	0.5364963503649636	0.14233576642335766	0.5364963503649636	0.14233576642335766
TCGA-55-7907	G12C	0	0.5312989045383412	0.09154929577464789	0.5312989045383412	0.09154929577464789
TCGA-05-4417	G12C	0	0.5269461077844311	0.10179640718562874	0.5269461077844311	0.10179640718562874
TCGA-55-7281	G12C	0	0.5234899328859061	0.47651006711409394	0.5234899328859061	0.47651006711409394
TCGA-44-6144	G12C	0	0.5061224489795918	0.4938775510204082	0.5061224489795918	0.4938775510204082
TCGA-55-8299	G12C	0	0.5059288537549407	0.22529644268774704	0.5059288537549407	0.22529644268774704
TCGA-55-8203	G12C	0	0.5051975051975052	0.15384615384615385	0.5051975051975052	0.15384615384615385
TCGA-99-8032	G12C	0	0.4952380952380952	0.30238095238095236	0.4952380952380952	0.30238095238095236
TCGA-73-4662	G12C	0	0.49159663865546216	0.32352941176470584	0.49159663865546216	0.32352941176470584
LUAD-LIP77	G12C	0	0.4893238434163701	0	0.4893238434163701	0
TCGA-MN-A4N5	G12C	0	0.4839400428265524	0.24839400428265523	0.4839400428265524	0.24839400428265523
LUAD-S01413	G12C	0	0.48021108179419525	0.2453825857519789	0.48021108179419525	0.2453825857519789
TCGA-97-A4M0	G12C	0	0.4789356984478936	0.164079822616408	0.4789356984478936	0.164079822616408
LO5004	G12C	0	0.4777777777777778	0.5222222222222223	0.4777777777777778	0.5222222222222223
TCGA-49-4505	G12C	0.07407407407407407	0.4740740740740741	0	0.4740740740740741	0.07407407407407407
TCGA-17-Z022	G12C	0	0.47144948755490484	0	0.47144948755490484	0
TCGA-NJ-A4YI	G12C	0	0.46405228758169936	0.3376906318082789	0.46405228758169936	0.3376906318082789
LUAD-S00488	G12C	0.08817635270541083	0.46092184368737477	0.38677354709418843	0.46092184368737477	0.47494989979959923
LUAD-B00523	G12C	0	0.45374449339207046	0.2885462555066079	0.45374449339207046	0.2885462555066079
TCGA-50-5933	G12C	0	0.43851132686084143	0.20550161812297738	0.43851132686084143	0.20550161812297738
TCGA-05-4403	G12C	0.1497005988023952	0.437125748502994	0.41317365269461076	0.437125748502994	0.562874251497006
TCGA-44-7659	G12C	0	0.43373493975903615	0.5	0.43373493975903615	0.5
CA9903	G12C	0	0.4309210526315789	0.24013157894736842	0.4309210526315789	0.24013157894736842
LUAD-B00859	G12C	0	0.42485549132947975	0.41329479768786126	0.42485549132947975	0.41329479768786126
TCGA-50-5936	G12C	0	0.4247787610619469	0	0.4247787610619469	0
TCGA-50-7109	G12C	0	0.4240282685512367	0.4664310954063604	0.4240282685512367	0.4664310954063604
LUAD-FH5PJ	G12C	0	0.42323651452282157	0.4605809128630705	0.42323651452282157	0.4605809128630705
TCGA-05-4405	G12C	0	0.4231678486997636	0.3215130023640662	0.4231678486997636	0.3215130023640662
TCGA-75-5126	G12C	0	0.4195710455764075	0	0.4195710455764075	0
LUAD-F00257	G12C	0.08064516129032258	0.41935483870967744	0.4161290322580645	0.41935483870967744	0.4967741935483871
TCGA-05-4249	G12C	0	0.41833810888252154	0.29799426934097417	0.41833810888252154	0.29799426934097417
LUAD-S01404	G12C	0.1407766990291262	0.4077669902912621	0.2815533980582524	0.4077669902912621	0.4223300970873786
TCGA-69-7978	G12C	0	0.40198863636363635	0.11931818181818182	0.40198863636363635	0.11931818181818182
TCGA-05-4250	G12C	0	0.3894736842105263	0.38684210526315793	0.3894736842105263	0.38684210526315793
TCGA-35-3615	G12C	0.10317460317460317	0.3888888888888889	0	0.3888888888888889	0.10317460317460317
TCGA-05-4418	G12C	0	0.38620689655172413	0.5482758620689655	0.38620689655172413	0.5482758620689655
TCGA-78-7148	G12C	0	0.38016528925619836	0.6198347107438017	0.38016528925619836	0.6198347107438017
TCGA-44-7671	G12C	0	0.3795620437956204	0.4051094890510949	0.3795620437956204	0.4051094890510949
TCGA-4B-A93V	G12C	0	0.37349397590361444	0.18072289156626506	0.37349397590361444	0.18072289156626506
TCGA-55-8207	G12C	0	0.36904761904761907	0.3660714285714286	0.36904761904761907	0.3660714285714286
TCGA-MP-A4TD	G12C	0.1	0.36666666666666664	0.5333333333333333	0.36666666666666664	0.6333333333333333
TCGA-97-7938	G12C	0	0.3646788990825688	0.21788990825688076	0.3646788990825688	0.21788990825688076
LUAD-B02515	G12C	0	0.3620689655172414	0.3620689655172414	0.3620689655172414	0.3620689655172414
TCGA-55-7914	G12C	0.1021505376344086	0.3602150537634409	0.43548387096774194	0.3602150537634409	0.5376344086021505
LUAD-S01467	G12C	0	0.35542168674698793	0.536144578313253	0.35542168674698793	0.536144578313253
LUAD-B01145	G12C	0.11023622047244094	0.3543307086614173	0.33858267716535434	0.3543307086614173	0.44881889763779526
LUAD-S01409	G12C	0	0.35048231511254024	0.3842443729903537	0.35048231511254024	0.3842443729903537
LU-FF62	G12C	0	0.34867042912032703	0	0.34867042912032703	0
LUAD-RT-S01721	G12C	0	0.3417085427135679	0.29396984924623115	0.3417085427135679	0.29396984924623115
TCGA-91-6849	G12C	0	0.3416666666666667	0	0.3416666666666667	0
TCGA-69-7973	G12C	0	0.3359375	0.2265625	0.3359375	0.2265625
TCGA-86-7713	G12C	0	0.3271604938271605	0.5740740740740741	0.3271604938271605	0.5740740740740741
TCGA-55-8615	G12C	0	0.31210191082802546	0.5668789808917197	0.31210191082802546	0.5668789808917197
BGI-WG15	G12C	0	0.3056943420956771	0	0.3056943420956771	0
TCGA-05-4244	G12C	0	0.30472103004291845	0.37768240343347637	0.30472103004291845	0.37768240343347637
M4945	G12C	0.05803571428571429	0.3013392857142857	0.4486607142857143	0.3013392857142857	0.5066964285714286
TCGA-73-7498	G12C	0	0.2888888888888889	0.6222222222222222	0.2888888888888889	0.6222222222222222
TCGA-64-1677	G12C	0	0.26053639846743293	0.3831417624521073	0.26053639846743293	0.3831417624521073
TCGA-J2-8194	G12C	0.08808290155440414	0.24870466321243523	0.33678756476683935	0.24870466321243523	0.4248704663212435
LUAD-U6SJ7	G12C	0	0.2485875706214689	0.5536723163841808	0.2485875706214689	0.5536723163841808
TCGA-MP-A4TE	G12C	0.24025974025974026	0.24675324675324675	0.2532467532467533	0.24675324675324675	0.49350649350649356
LUAD-LC15C	G12C	0	0.23376623376623376	0.4077922077922078	0.23376623376623376	0.4077922077922078
TCGA-MP-A4TI	G12C	0	0.22429906542056074	0.14330218068535824	0.22429906542056074	0.14330218068535824
TCGA-50-8459	G12C	0.06862745098039216	0.20588235294117646	0.5784313725490196	0.20588235294117646	0.6470588235294117
TCGA-55-8097	G12C	0.2857142857142857	0.19642857142857142	0.41964285714285715	0.19642857142857142	0.7053571428571428
TCGA-78-7539	G12C	0	0.1518578352180937	0.2035541195476575	0.1518578352180937	0.2035541195476575
TCGA-97-A4M5	G12C	0	0	0.25263157894736843	0	0.25263157894736843
TCGA-55-7726	G12C	0.28440366972477066	0	0	0	0.28440366972477066
LUAD-RT-S01852	G12C	0.12371134020618556	0	0.49484536082474223	0	0.6185567010309277
TCGA-44-A47F	G12C	0.09322033898305085	0	0.559322033898305	0	0.6525423728813559
TCGA-50-5051	G12C	0	0	0.8061224489795917	0	0.8061224489795917
TCGA-55-6983	G12C	0	0	0.8738738738738739	0	0.8738738738738739
LUAD-S00499	G12C	0.16216216216216214	0	0.8378378378378378	0	1
DO52367	G12C	0.05876921208938584	0	0.9412307879106142	0	1
TCGA-44-6776	G12D	0	0.691304347826087	0.30869565217391304	0.691304347826087	0.30869565217391304
TCGA-69-8253	G12D	0	0.5517241379310345	0.20689655172413793	0.5517241379310345	0.20689655172413793
LUAD-B00915	G12D	0	0.5357142857142857	0.25840336134453784	0.5357142857142857	0.25840336134453784
TCGA-62-8398	G12D	0.10526315789473684	0.47368421052631576	0.3263157894736842	0.47368421052631576	0.43157894736842106
TCGA-55-A494	G12D	0.1519434628975265	0.4628975265017668	0	0.4628975265017668	0.1519434628975265
HE3202	G12D	0	0.4080459770114942	0.22126436781609196	0.4080459770114942	0.22126436781609196
TCGA-17-Z060	G12D	0	0.36363636363636365	0.24363636363636362	0.36363636363636365	0.24363636363636362
DI6359	G12D	0	0.35267857142857145	0.19642857142857142	0.35267857142857145	0.19642857142857142
TCGA-MP-A4SY	G12D	0	0.3087557603686636	0.576036866359447	0.3087557603686636	0.576036866359447
TCGA-69-8254	G12D	0.1595744680851064	0.30851063829787234	0.5319148936170213	0.30851063829787234	0.6914893617021276
TCGA-NJ-A4YG	G12D	0.09326424870466322	0.305699481865285	0.2746113989637306	0.305699481865285	0.3678756476683938
TCGA-78-7160	G12D	0	0.2711864406779661	0.6440677966101694	0.2711864406779661	0.6440677966101694
TCGA-86-8056	G12D	0	0.25892857142857145	0.21726190476190477	0.25892857142857145	0.21726190476190477
LUAD-S01482	G12D	0.04487179487179487	0.2564102564102564	0.23076923076923078	0.2564102564102564	0.27564102564102566
TCGA-J2-A4AG	G12D	0.13725490196078433	0.24509803921568626	0.38235294117647056	0.24509803921568626	0.5196078431372548
TCGA-44-A47A	G12D	0.06296296296296296	0.17777777777777778	0.3	0.17777777777777778	0.36296296296296293
TCGA-MP-A4T8	G12D	0	0.16923076923076924	0.5923076923076923	0.16923076923076924	0.5923076923076923
LUAD-CHTN-3090346	G12D	0.06339468302658487	0.1329243353783231	0.38445807770961143	0.1329243353783231	0.4478527607361963
LU-FF67	G12D	0.3059190863729313	0	0.3429544040682102	0	0.6488734904411415
TCGA-86-8076	G12D	0.1891891891891892	0	0.5	0	0.6891891891891893
TCGA-93-A4JO	G12D	0	0	0.734375	0	0.734375
LU-FF104	G12D	0	0	0.7963591359593692	0	0.7963591359593692
TCGA-55-7284	G12D	0.813953488372093	0	0	0	0.813953488372093
TCGA-86-7953	G12D	0	0	0.864406779661017	0	0.864406779661017
TCGA-49-4510	G12D	0	0	0.8958333333333334	0	0.8958333333333334
TCGA-75-7030	G12D	1	0	0	0	1
TCGA-55-7576	G12S	0	0.4790286975717439	0.5209713024282561	0.4790286975717439	0.5209713024282561
TCGA-44-3917	G12S	0	0.40942028985507245	0.43115942028985504	0.40942028985507245	0.43115942028985504
TCGA-97-8176	G12S	0.06372549019607843	0.3333333333333333	0.30392156862745096	0.3333333333333333	0.3676470588235294
TCGA-78-8655	G12S	0.12380952380952383	0.3238095238095238	0.5523809523809524	0.3238095238095238	0.6761904761904762
AL4602	G12S	0	0.29333333333333333	0.7066666666666667	0.29333333333333333	0.7066666666666667
TCGA-55-7283	G12S	0.16117216117216118	0.27106227106227104	0.326007326007326	0.27106227106227104	0.4871794871794872
TCGA-MP-A4T7	G12V	0.14035087719298245	0.8596491228070176	0	0.8596491228070176	0.14035087719298245
TCGA-55-7815	G12V	0.13333333333333333	0.806060606060606	0	0.806060606060606	0.13333333333333333
SC6470	G12V	0.11594202898550723	0.7681159420289855	0	0.7681159420289855	0.11594202898550723
TCGA-55-7728	G12V	0.24	0.76	0	0.76	0.24
TCGA-95-A4VN	G12V	0	0.7125984251968503	0	0.7125984251968503	0
TCGA-86-8054	G12V	0	0.6715328467153284	0.26277372262773724	0.6715328467153284	0.26277372262773724
LUAD-E01278	G12V	0	0.6631944444444444	0.19097222222222224	0.6631944444444444	0.19097222222222224
TCGA-05-4390	G12V	0	0.6623376623376623	0.12337662337662338	0.6623376623376623	0.12337662337662338
TCGA-44-6145	G12V	0	0.6565934065934067	0	0.6565934065934067	0
TCGA-49-AARQ	G12V	0	0.6494845360824743	0.11855670103092784	0.6494845360824743	0.11855670103092784
TCGA-97-7554	G12V	0	0.6481481481481481	0.22962962962962963	0.6481481481481481	0.22962962962962963
TCGA-55-6970	G12V	0	0.6425120772946861	0.35748792270531404	0.6425120772946861	0.35748792270531404
TCGA-55-6642	G12V	0	0.5984848484848485	0.4015151515151515	0.5984848484848485	0.4015151515151515
TCGA-67-3773	G12V	0.06194690265486725	0.584070796460177	0.30088495575221236	0.584070796460177	0.3628318584070796
TCGA-MP-A4TK	G12V	0	0.5463917525773196	0.09278350515463918	0.5463917525773196	0.09278350515463918
TCGA-L9-A443	G12V	0	0.5416666666666666	0.2537878787878788	0.5416666666666666	0.2537878787878788
TCGA-95-A4VP	G12V	0	0.5394736842105263	0.46052631578947373	0.5394736842105263	0.46052631578947373
TCGA-17-Z033	G12V	0	0.5260663507109005	0	0.5260663507109005	0
TCGA-05-4427	G12V	0	0.5249077490774908	0.20110701107011072	0.5249077490774908	0.20110701107011072
TCGA-75-7027	G12V	0	0.5244755244755245	0.1888111888111888	0.5244755244755245	0.1888111888111888
TCGA-86-A456	G12V	0	0.5051020408163266	0.2525510204081633	0.5051020408163266	0.2525510204081633
RI1933	G12V	0	0.49324324324324326	0.25900900900900903	0.49324324324324326	0.25900900900900903
TCGA-17-Z010	G12V	0	0.4817073170731707	0	0.4817073170731707	0
LUAD_E00623	G12V	0	0.47959183673469385	0.29591836734693877	0.47959183673469385	0.29591836734693877
TCGA-44-7661	G12V	0	0.46969696969696967	0	0.46969696969696967	0
TCGA-95-A4VK	G12V	0	0.46853146853146854	0.3776223776223776	0.46853146853146854	0.3776223776223776
TCGA-91-6828	G12V	0	0.4684385382059801	0.2990033222591362	0.4684385382059801	0.2990033222591362
TCGA-78-7161	G12V	0	0.46534653465346537	0.5346534653465347	0.46534653465346537	0.5346534653465347
TCGA-MP-A4T4	G12V	0	0.4582278481012658	0.33164556962025316	0.4582278481012658	0.33164556962025316
TCGA-55-7911	G12V	0	0.45490196078431366	0.3254901960784314	0.45490196078431366	0.3254901960784314
TCGA-55-7725	G12V	0	0.4468085106382979	0.425531914893617	0.4468085106382979	0.425531914893617
LUAD-S00484	G12V	0	0.4301369863013699	0.24109589041095889	0.4301369863013699	0.24109589041095889
LUAD-E01217	G12V	0	0.41680446262473647	0	0.41680446262473647	0
LUAD-S01354	G12V	0	0.3924731182795699	0.4946236559139785	0.3924731182795699	0.4946236559139785
LU-FF85	G12V	0	0.34000590961035587	0	0.34000590961035587	0
TCGA-05-4395	G12V	0	0.3392857142857143	0.33035714285714285	0.3392857142857143	0.33035714285714285
TCGA-78-7167	G12V	0.11888111888111888	0.30769230769230765	0.2727272727272727	0.30769230769230765	0.39160839160839156
TCGA-55-8090	G12V	0	0.29347826086956524	0.7065217391304348	0.29347826086956524	0.7065217391304348
TCGA-17-Z020	G12V	0	0.2875816993464052	0.39215686274509803	0.2875816993464052	0.39215686274509803
BGI-WG01	G12V	0	0.2840488749048613	0	0.2840488749048613	0
TCGA-95-7567	G12V	0	0.20837390457643623	0.011684518013631937	0.20837390457643623	0.011684518013631937
TCGA-93-8067	G12V	0	0.1715210355987055	0	0.1715210355987055	0
TCGA-17-Z050	G12V	0	0.11158798283261802	0.5493562231759657	0.11158798283261802	0.5493562231759657
TCGA-86-A4JF	G12V	0.06230529595015577	0.09906542056074767	0.26542056074766357	0.09906542056074767	0.32772585669781934
TCGA-78-7540	G12V	0	0	0	0	0
TCGA-44-6146	G12V	0.2641509433962264	0	0.6792452830188679	0	0.9433962264150944
TCGA-05-4433	G12V	1	0	0	0	1
TCGA-55-8512	G12V	0	0	1	0	1
TCGA-86-8674	G13C	0	0.7261538461538461	0.14153846153846153	0.7261538461538461	0.14153846153846153
LUAD-D01603	G13C	0	0.6197564276048714	0.2165087956698241	0.6197564276048714	0.2165087956698241
TCGA-17-Z017	G13C	0	0.5119047619047619	0.25	0.5119047619047619	0.25
LUAD-B02077	G13C	0	0.494661921708185	0.30249110320284694	0.494661921708185	0.30249110320284694
LUAD-S01357	G13C	0	0.49202127659574463	0.20279255319148937	0.49202127659574463	0.20279255319148937
TCGA-55-8094	G13C	0	0.41612200435729846	0.25708061002178645	0.41612200435729846	0.25708061002178645
TCGA-99-8033	G13C	0	0.4117647058823529	0.5196078431372548	0.4117647058823529	0.5196078431372548
TCGA-55-6975	G13C	0.10638297872340426	0.40425531914893614	0.3617021276595745	0.40425531914893614	0.46808510638297873
TCGA-55-7910	G13C	0	0.3867924528301887	0.3050314465408805	0.3867924528301887	0.3050314465408805
TCGA-99-8025	G13C	0	0.27843803056027167	0.3599320882852292	0.27843803056027167	0.3599320882852292
LUAD-VUMN6	G13D	0	0.46418338108882523	0.1346704871060172	0.46418338108882523	0.1346704871060172
TCGA-75-6206	G13D	0	0.42592592592592593	0.4351851851851852	0.42592592592592593	0.4351851851851852
TCGA-49-4506	G13D	0	0.4242424242424242	0.5757575757575758	0.4242424242424242	0.5757575757575758
TCGA-62-A46S	G13D	0.16153846153846155	0.23846153846153847	0.47692307692307695	0.23846153846153847	0.6384615384615385
TCGA-69-7974	Q61H	0	0.3688969258589512	0.3074141048824593	0.3688969258589512	0.3074141048824593
LUAD-S00486	Q61H	0	0.24	0.6849999999999999	0.24	0.6849999999999999
BGI-WG23	Q61K	0	0.20416884904441465	0.32875197605112066	0.20416884904441465	0.32875197605112066
TCGA-64-5775	Q61L	0	0.49375	0.3	0.49375	0.3
TCGA-17-Z014	Q61L	0	0.4867075664621677	0.1083844580777096	0.4867075664621677	0.1083844580777096
TCGA-64-5815	Q61L	0	0.36945812807881767	0.3251231527093596	0.36945812807881767	0.3251231527093596
LUAD-NYU184	WT	0	1	0	1	0
TCGA-50-5045	WT	0	1	0	1	0
TCGA-99-AA5R	WT	0	1	0	1	0
LUAD_E00945	WT	0	0.9230769230769231	0	0.9230769230769231	0
TCGA-17-Z011	WT	0	0.8617886178861789	0	0.8617886178861789	0
TCGA-44-6774	WT	0	0.774928774928775	0	0.774928774928775	0
LUAD-NYU263	WT	0	0.7695652173913043	0.14782608695652175	0.7695652173913043	0.14782608695652175
TCGA-97-8179	WT	0	0.7647058823529411	0.17647058823529413	0.7647058823529411	0.17647058823529413
LUAD-NYU282	WT	0	0.761904761904762	0	0.761904761904762	0
TCGA-L9-A444	WT	0	0.7380560131795716	0.1630971993410214	0.7380560131795716	0.1630971993410214
LUAD-5V8LT	WT	0	0.7191011235955057	0	0.7191011235955057	0
TCGA-49-6744	WT	0	0.7103174603174603	0.28968253968253965	0.7103174603174603	0.28968253968253965
TCGA-NJ-A4YQ	WT	0	0.6903729401561145	0.19080659150043364	0.6903729401561145	0.19080659150043364
TCGA-NJ-A4YF	WT	0	0.6889880952380952	0	0.6889880952380952	0
TCGA-MP-A4TC	WT	0	0.6888111888111889	0.21328671328671328	0.6888111888111889	0.21328671328671328
TCGA-L9-A7SV	WT	0	0.6882245271507016	0	0.6882245271507016	0
TCGA-38-4631	WT	0	0.687960687960688	0.1511056511056511	0.687960687960688	0.1511056511056511
TCGA-55-A48X	WT	0	0.6879271070615034	0.1776765375854214	0.6879271070615034	0.1776765375854214
TCGA-69-7979	WT	0	0.6865771812080537	0.1181208053691275	0.6865771812080537	0.1181208053691275
TCGA-50-5930	WT	0	0.6829694323144105	0	0.6829694323144105	0
TCGA-86-8073	WT	0	0.6762928139691068	0	0.6762928139691068	0
TCGA-44-8120	WT	0	0.6711409395973154	0.32885906040268453	0.6711409395973154	0.32885906040268453
LUAD-RT-S01700	WT	0	0.6694560669456067	0	0.6694560669456067	0
TCGA-73-A9RS	WT	0	0.6577540106951872	0	0.6577540106951872	0
TCGA-78-7537	WT	0	0.6524390243902439	0.23170731707317074	0.6524390243902439	0.23170731707317074
TCGA-49-AAR9	WT	0	0.6512968299711815	0.2017291066282421	0.6512968299711815	0.2017291066282421
TCGA-50-6594	WT	0	0.6507352941176471	0.1838235294117647	0.6507352941176471	0.1838235294117647
LU-A08-43	WT	0	0.65	0	0.65	0
TCGA-97-7546	WT	0	0.6491803278688525	0.35081967213114756	0.6491803278688525	0.35081967213114756
TCGA-50-5049	WT	0	0.6476306196840826	0.1117861482381531	0.6476306196840826	0.1117861482381531
TCGA-L4-A4E5	WT	0	0.6454293628808865	0.15235457063711913	0.6454293628808865	0.15235457063711913
TCGA-55-A4DG	WT	0	0.6434782608695652	0.2028985507246377	0.6434782608695652	0.2028985507246377
TCGA-49-6767	WT	0	0.6424361493123772	0.2770137524557957	0.6424361493123772	0.2770137524557957
TCGA-49-AAR2	WT	0	0.6420323325635103	0	0.6420323325635103	0
TCGA-73-4659	WT	0	0.6386861313868614	0.25547445255474455	0.6386861313868614	0.25547445255474455
TCGA-NJ-A55A	WT	0	0.6384615384615384	0.3615384615384615	0.6384615384615384	0.3615384615384615
TCGA-44-3918	WT	0	0.6363636363636364	0	0.6363636363636364	0
TCGA-64-1676	WT	0	0.6312500000000001	0.1953125	0.6312500000000001	0.1953125
TCGA-73-4668	WT	0	0.6298003072196621	0.14746543778801843	0.6298003072196621	0.14746543778801843
TCGA-64-1679	WT	0	0.6272577996715928	0	0.6272577996715928	0
LUAD-NYU1219	WT	0	0.624	0.17600000000000002	0.624	0.17600000000000002
TCGA-64-5781	WT	0	0.6200331125827815	0.19039735099337748	0.6200331125827815	0.19039735099337748
TCGA-S2-AA1A	WT	0	0.6190476190476191	0	0.6190476190476191	0
TCGA-44-6778	WT	0	0.6187624750499002	0.1437125748502994	0.6187624750499002	0.1437125748502994
TCGA-38-4626	WT	0	0.6158357771260997	0	0.6158357771260997	0
TCGA-49-AARE	WT	0	0.6134393063583815	0.20014450867052025	0.6134393063583815	0.20014450867052025
TCGA-44-A479	WT	0	0.6124999999999999	0	0.6124999999999999	0
TCGA-95-7043	WT	0	0.6085836909871244	0.16566523605150216	0.6085836909871244	0.16566523605150216
TCGA-05-4410	WT	0	0.6084142394822006	0.08576051779935276	0.6084142394822006	0.08576051779935276
TCGA-05-4382	WT	0	0.6083423618634887	0	0.6083423618634887	0
TCGA-97-A4M7	WT	0	0.6074766355140186	0	0.6074766355140186	0
TCGA-17-Z009	WT	0	0.6041666666666666	0	0.6041666666666666	0
TCGA-53-A4EZ	WT	0	0.6033210332103321	0.3966789667896679	0.6033210332103321	0.3966789667896679
LUAD-RT-S01813	WT	0	0.5952813067150635	0.10707803992740472	0.5952813067150635	0.10707803992740472
LUAD-B01811	WT	0	0.5947643979057592	0.12356020942408376	0.5947643979057592	0.12356020942408376
TCGA-86-8358	WT	0	0.5936482084690554	0.2231270358306189	0.5936482084690554	0.2231270358306189
SC0899	WT	0	0.5936395759717314	0	0.5936395759717314	0
TCGA-86-8279	WT	0	0.5936395759717314	0.16431095406360421	0.5936395759717314	0.16431095406360421
TCGA-99-7458	WT	0	0.5922330097087379	0.32038834951456313	0.5922330097087379	0.32038834951456313
LUAD-NYU160	WT	0	0.5905511811023623	0.4094488188976378	0.5905511811023623	0.4094488188976378
TCGA-05-5425	WT	0	0.5874635568513119	0.2215743440233236	0.5874635568513119	0.2215743440233236
TCGA-55-7994	WT	0	0.5871617369414726	0.2548772813089994	0.5871617369414726	0.2548772813089994
TCGA-17-Z030	WT	0	0.5849387040280211	0.15586690017513133	0.5849387040280211	0.15586690017513133
TCGA-17-Z031	WT	0	0.5832990538872892	0.12916495269436445	0.5832990538872892	0.12916495269436445
LUAD-B01169	WT	0	0.5819209039548022	0.2711864406779661	0.5819209039548022	0.2711864406779661
TCGA-75-5146	WT	0	0.578125	0.20833333333333331	0.578125	0.20833333333333331
TCGA-44-7670	WT	0	0.5774410774410774	0	0.5774410774410774	0
TCGA-05-4384	WT	0	0.5748502994011976	0.3473053892215569	0.5748502994011976	0.3473053892215569
TCGA-97-7553	WT	0.425531914893617	0.574468085106383	0	0.574468085106383	0.425531914893617
TCGA-44-2656	WT	0	0.571875	0.13645833333333335	0.571875	0.13645833333333335
LUAD-NYU1021	WT	0.05714285714285714	0.5673469387755102	0.2612244897959184	0.5673469387755102	0.31836734693877555
TCGA-MN-A4N4	WT	0	0.5660264105642256	0	0.5660264105642256	0
TCGA-95-7039	WT	0	0.565897244973939	0.19434102755026064	0.565897244973939	0.19434102755026064
TCGA-55-8507	WT	0	0.5657142857142857	0.17714285714285713	0.5657142857142857	0.17714285714285713
TCGA-44-5644	WT	0	0.5656279508970727	0.1567516525023607	0.5656279508970727	0.1567516525023607
TCGA-78-7220	WT	0	0.5655391120507399	0.21141649048625794	0.5655391120507399	0.21141649048625794
TCGA-44-2655	WT	0	0.5643564356435643	0	0.5643564356435643	0
TCGA-91-A4BC	WT	0	0.5621414913957935	0.1797323135755258	0.5621414913957935	0.1797323135755258
LUAD-RT-S01711	WT	0.0784313725490196	0.5620915032679739	0.35947712418300654	0.5620915032679739	0.43790849673202614
TCGA-69-7765	WT	0	0.5604395604395604	0.10832025117739404	0.5604395604395604	0.10832025117739404
TCGA-78-7163	WT	0.29411764705882354	0.5588235294117647	0	0.5588235294117647	0.29411764705882354
TCGA-44-7667	WT	0	0.5582608695652174	0.23130434782608697	0.5582608695652174	0.23130434782608697
TCGA-17-Z055	WT	0	0.5580865603644647	0.25854214123006836	0.5580865603644647	0.25854214123006836
TCGA-86-6851	WT	0	0.5574596774193549	0.09677419354838711	0.5574596774193549	0.09677419354838711
TCGA-17-Z062	WT	0	0.5564053537284894	0	0.5564053537284894	0
TCGA-78-7155	WT	0	0.5554838709677419	0.06774193548387097	0.5554838709677419	0.06774193548387097
LUAD-CHTN-Z4716A	WT	0	0.5533141210374639	0.3323727185398655	0.5533141210374639	0.3323727185398655
TCGA-17-Z049	WT	0	0.5518394648829431	0.1822742474916388	0.5518394648829431	0.1822742474916388
TCGA-17-Z045	WT	0	0.5514705882352942	0.16323529411764703	0.5514705882352942	0.16323529411764703
TCGA-38-4625	WT	0	0.5511695906432749	0	0.5511695906432749	0
FR9547	WT	0	0.550185873605948	0.2342007434944238	0.550185873605948	0.2342007434944238
TCGA-44-8117	WT	0	0.5477124183006536	0.22091503267973855	0.5477124183006536	0.22091503267973855
LUAD-F00368	WT	0	0.5460526315789473	0.21447368421052634	0.5460526315789473	0.21447368421052634
TCGA-55-8301	WT	0	0.5427728613569321	0.3746312684365782	0.5427728613569321	0.3746312684365782
LUAD-CHTN-MAD06-00668	WT	0	0.5410334346504558	0.16008105369807496	0.5410334346504558	0.16008105369807496
TCGA-75-6211	WT	0	0.5407925407925408	0.20046620046620045	0.5407925407925408	0.20046620046620045
LUAD-B02477	WT	0	0.5405405405405406	0.4594594594594595	0.5405405405405406	0.4594594594594595
TCGA-L9-A5IP	WT	0	0.5394736842105263	0.17105263157894737	0.5394736842105263	0.17105263157894737
TCGA-78-7633	WT	0	0.5344827586206896	0.46551724137931033	0.5344827586206896	0.46551724137931033
LUAD-B00416	WT	0	0.5338078291814947	0.3250296559905101	0.5338078291814947	0.3250296559905101
LUAD-NYU1051S	WT	0	0.5334538878842676	0.2730560578661845	0.5334538878842676	0.2730560578661845
LUAD-S01381	WT	0	0.5321888412017167	0.36909871244635195	0.5321888412017167	0.36909871244635195
TCGA-44-7669	WT	0	0.5313725490196078	0.37254901960784315	0.5313725490196078	0.37254901960784315
TCGA-17-Z001	WT	0	0.5298804780876494	0.28286852589641437	0.5298804780876494	0.28286852589641437
LUAD-B02594	WT	0	0.5298507462686567	0.21194029850746268	0.5298507462686567	0.21194029850746268
LUAD-S01302	WT	0	0.5291073738680465	0.4708926261319534	0.5291073738680465	0.4708926261319534
TCGA-49-4494	WT	0.05785123966942149	0.5289256198347108	0	0.5289256198347108	0.05785123966942149
TCGA-44-7662	WT	0	0.5286821705426357	0.22945736434108527	0.5286821705426357	0.22945736434108527
TCGA-97-A4LX	WT	0	0.5284974093264249	0	0.5284974093264249	0
TCGA-78-7536	WT	0	0.5275590551181102	0.21889763779527557	0.5275590551181102	0.21889763779527557
LUAD-NYU259	WT	0	0.5255681818181818	0	0.5255681818181818	0
TCGA-49-4487	WT	0	0.5236907730673317	0.1546134663341646	0.5236907730673317	0.1546134663341646
TCGA-55-8510	WT	0	0.5236686390532544	0.22189349112426038	0.5236686390532544	0.22189349112426038
TCGA-67-3770	WT	0	0.5217391304347826	0.4782608695652174	0.5217391304347826	0.4782608695652174
TCGA-78-8662	WT	0	0.5193861066235864	0.2463651050080775	0.5193861066235864	0.2463651050080775
TCGA-MN-A4N1	WT	0	0.5184466019417476	0.3087378640776699	0.5184466019417476	0.3087378640776699
TCGA-55-A492	WT	0	0.5172413793103449	0.367816091954023	0.5172413793103449	0.367816091954023
TCGA-35-4123	WT	0	0.5171339563862928	0.2585669781931464	0.5171339563862928	0.2585669781931464
LUAD-2GUGK	WT	0	0.5168918918918919	0.4831081081081081	0.5168918918918919	0.4831081081081081
TCGA-62-A46O	WT	0	0.515625	0.203125	0.515625	0.203125
TCGA-17-Z018	WT	0	0.5134099616858238	0	0.5134099616858238	0
TCGA-55-7227	WT	0.058823529411764705	0.5133689839572193	0.3582887700534759	0.5133689839572193	0.41711229946524064
TCGA-49-4488	WT	0	0.5119453924914675	0.1467576791808874	0.5119453924914675	0.1467576791808874
TCGA-86-8673	WT	0	0.5095419847328244	0.27099236641221375	0.5095419847328244	0.27099236641221375
TCGA-44-2668	WT	0	0.5085995085995085	0	0.5085995085995085	0
TCGA-55-7913	WT	0	0.5061728395061729	0.2740740740740741	0.5061728395061729	0.2740740740740741
TCGA-73-4666	WT	0	0.5047393364928909	0.2962085308056872	0.5047393364928909	0.2962085308056872
TCGA-50-5066	WT	0	0.5015479876160991	0.10835913312693499	0.5015479876160991	0.10835913312693499
TCGA-17-Z051	WT	0	0.5	0.32727272727272727	0.5	0.32727272727272727
LUAD-NYU330	WT	0.09836065573770492	0.5	0.3360655737704918	0.5	0.4344262295081967
TCGA-55-6969	WT	0	0.4988610478359909	0.33029612756264237	0.4988610478359909	0.33029612756264237
TCGA-L9-A8F4	WT	0	0.49763033175355453	0.1623222748815166	0.49763033175355453	0.1623222748815166
TCGA-55-A493	WT	0	0.49693251533742333	0	0.49693251533742333	0
TCGA-38-4632	WT	0	0.49333333333333335	0.33166666666666667	0.49333333333333335	0.33166666666666667
KA3947	WT	0	0.4931972789115646	0.17687074829931973	0.4931972789115646	0.17687074829931973
TCGA-55-7995	WT	0	0.4927152317880795	0.18410596026490064	0.4927152317880795	0.18410596026490064
LUAD-RT-S01774	WT	0	0.49148418491484186	0.1070559610705596	0.49148418491484186	0.1070559610705596
TCGA-44-2659	WT	0	0.4907834101382489	0.16820276497695855	0.4907834101382489	0.16820276497695855
TCGA-50-6590	WT	0	0.4883720930232558	0.09504550050556118	0.4883720930232558	0.09504550050556118
LUAD-RT-S01709	WT	0.08407079646017698	0.48672566371681414	0.36283185840707965	0.48672566371681414	0.44690265486725667
LUAD-NYU408	WT	0	0.4862804878048781	0.4268292682926829	0.4862804878048781	0.4268292682926829
TCGA-55-8620	WT	0	0.4860335195530726	0.5139664804469274	0.4860335195530726	0.5139664804469274
LUAD-S01478	WT	0	0.48411214953271026	0.24299065420560748	0.48411214953271026	0.24299065420560748
TCGA-55-A491	WT	0	0.48404255319148937	0.39095744680851063	0.48404255319148937	0.39095744680851063
LUAD-F00089	WT	0	0.4801223241590214	0.23853211009174313	0.4801223241590214	0.23853211009174313
TCGA-05-4424	WT	0	0.47924528301886793	0.12075471698113208	0.47924528301886793	0.12075471698113208
TCGA-55-5899	WT	0	0.4757085020242915	0.17813765182186234	0.4757085020242915	0.17813765182186234
TCGA-50-5931	WT	0	0.475609756097561	0.35060975609756095	0.475609756097561	0.35060975609756095
TCGA-97-8172	WT	0.06312292358803986	0.4750830564784053	0.38870431893687707	0.4750830564784053	0.4518272425249169
TCGA-97-7937	WT	0	0.47268907563025214	0.35084033613445376	0.47268907563025214	0.35084033613445376
TCGA-05-4430	WT	0	0.47157190635451507	0	0.47157190635451507	0
TCGA-91-6829	WT	0	0.46911764705882353	0.4573529411764706	0.46911764705882353	0.4573529411764706
CU9061	WT	0	0.4636118598382749	0.5363881401617251	0.4636118598382749	0.5363881401617251
LUAD-YKER9	WT	0	0.46341463414634143	0.5365853658536586	0.46341463414634143	0.5365853658536586
TCGA-55-8511	WT	0	0.46261682242990654	0.14174454828660435	0.46261682242990654	0.14174454828660435
TCGA-49-AAR0	WT	0	0.46060606060606063	0.43636363636363634	0.46060606060606063	0.43636363636363634
TCGA-55-8621	WT	0	0.45977011494252873	0.45977011494252873	0.45977011494252873	0.45977011494252873
LUAD-E00443	WT	0	0.45901639344262296	0.38875878220140514	0.45901639344262296	0.38875878220140514
LUAD-F00162	WT	0	0.4586583463338534	0.2839313572542902	0.4586583463338534	0.2839313572542902
TCGA-55-6987	WT	0	0.45801526717557256	0	0.45801526717557256	0
TCGA-53-7624	WT	0	0.4579646017699115	0.22566371681415928	0.4579646017699115	0.22566371681415928
TCGA-69-A59K	WT	0	0.4563279857397505	0	0.4563279857397505	0
LUAD-E00918	WT	0	0.45614035087719296	0.21832358674463936	0.45614035087719296	0.21832358674463936
TCGA-86-8585	WT	0	0.4556040756914119	0.09606986899563319	0.4556040756914119	0.09606986899563319
TCGA-17-Z028	WT	0	0.4532871972318339	0.18685121107266436	0.4532871972318339	0.18685121107266436
LUAD-D01751	WT	0	0.4495798319327731	0.5504201680672269	0.4495798319327731	0.5504201680672269
TCGA-55-6985	WT	0	0.4478976234003656	0.12797074954296161	0.4478976234003656	0.12797074954296161
TCGA-50-6593	WT	0	0.44753086419753085	0.404320987654321	0.44753086419753085	0.404320987654321
LUAD-NYU315	WT	0	0.4473684210526316	0.2736842105263158	0.4473684210526316	0.2736842105263158
TCGA-91-7771	WT	0	0.44537815126050423	0.42857142857142855	0.44537815126050423	0.42857142857142855
LUAD-F00018	WT	0	0.44410876132930516	0.31419939577039274	0.44410876132930516	0.31419939577039274
GR4788	WT	0	0.4375	0.5625	0.4375	0.5625
TCGA-55-8089	WT	0	0.437368789363191	0.09377186843946815	0.437368789363191	0.09377186843946815
TCGA-44-8119	WT	0	0.43428571428571433	0.27	0.43428571428571433	0.27
TCGA-35-5375	WT	0	0.43418467583497056	0.3320235756385069	0.43418467583497056	0.3320235756385069
TCGA-38-7271	WT	0	0.43243243243243246	0	0.43243243243243246	0
TCGA-75-7031	WT	0	0.4316546762589928	0.48201438848920863	0.4316546762589928	0.48201438848920863
TCGA-55-1592	WT	0	0.4304932735426009	0.45440956651718983	0.4304932735426009	0.45440956651718983
TCGA-05-4432	WT	0	0.43047337278106507	0.33875739644970415	0.43047337278106507	0.33875739644970415
TCGA-49-4507	WT	0.075	0.42916666666666664	0.19583333333333333	0.42916666666666664	0.2708333333333333
LUAD-NYU847	WT	0	0.42819843342036557	0.3185378590078329	0.42819843342036557	0.3185378590078329
TCGA-97-A4M3	WT	0	0.42727272727272725	0	0.42727272727272725	0
LUAD-D02185	WT	0	0.4266666666666667	0.36	0.4266666666666667	0.36
LUAD-NYU284	WT	0	0.4246575342465753	0.14321295143212953	0.4246575342465753	0.14321295143212953
LUAD-F00282	WT	0	0.423982869379015	0.28693790149892934	0.423982869379015	0.28693790149892934
TCGA-49-AAR4	WT	0	0.4233128834355828	0	0.4233128834355828	0
TCGA-62-A46P	WT	0	0.42258064516129035	0.2161290322580645	0.42258064516129035	0.2161290322580645
TCGA-55-8205	WT	0	0.4218009478672986	0.12480252764612954	0.4218009478672986	0.12480252764612954
TCGA-05-5428	WT	0	0.4200913242009132	0.0684931506849315	0.4200913242009132	0.0684931506849315
TCGA-17-Z021	WT	0	0.417989417989418	0	0.417989417989418	0
TCGA-64-5779	WT	0	0.4164305949008499	0.29461756373937675	0.4164305949008499	0.29461756373937675
TCGA-17-Z016	WT	0	0.4147058823529412	0.25588235294117645	0.4147058823529412	0.25588235294117645
LUAD-E00897	WT	0	0.41233766233766234	0.09902597402597403	0.41233766233766234	0.09902597402597403
LUAD_E00565	WT	0	0.41064638783269963	0.1685678073510773	0.41064638783269963	0.1685678073510773
TCGA-44-4112	WT	0	0.41030534351145037	0.14694656488549618	0.41030534351145037	0.14694656488549618
LUAD-D01278	WT	0.15976331360946747	0.40828402366863903	0.1893491124260355	0.40828402366863903	0.34911242603550297
TCGA-91-6848	WT	0	0.40735068912710565	0.3093415007656968	0.40735068912710565	0.3093415007656968
TCGA-17-Z013	WT	0.10810810810810811	0.40540540540540543	0.4864864864864865	0.40540540540540543	0.5945945945945946
LUAD_E00522	WT	0	0.4049586776859504	0.16528925619834714	0.4049586776859504	0.16528925619834714
TCGA-75-6214	WT	0	0.4035714285714285	0.18333333333333332	0.4035714285714285	0.18333333333333332
TCGA-78-7542	WT	0	0.40342298288508555	0.1687041564792176	0.40342298288508555	0.1687041564792176
LUAD_E01166	WT	0.06666666666666667	0.4	0.3212121212121212	0.4	0.3878787878787879
TCGA-44-A4SS	WT	0	0.3969465648854962	0.3606870229007634	0.3969465648854962	0.3606870229007634
LUAD-RT-S01832	WT	0.06306306306306306	0.3963963963963964	0.4864864864864865	0.3963963963963964	0.5495495495495496
TCGA-55-8096	WT	0	0.39622641509433965	0	0.39622641509433965	0
LUAD-RT-S01818	WT	0	0.3961352657004831	0.20048309178743962	0.3961352657004831	0.20048309178743962
LU-FF53	WT	0	0.39596747314929887	0	0.39596747314929887	0
TCGA-86-7714	WT	0	0.3956043956043956	0.5604395604395604	0.3956043956043956	0.5604395604395604
TCGA-50-5068	WT	0.13157894736842105	0.39473684210526316	0.47368421052631576	0.39473684210526316	0.6052631578947368
LUAD-QY22Z	WT	0	0.3939393939393939	0.5454545454545454	0.3939393939393939	0.5454545454545454
TCGA-44-A4SU	WT	0	0.3939393939393939	0.6060606060606061	0.3939393939393939	0.6060606060606061
TCGA-17-Z025	WT	0	0.39338235294117646	0.23897058823529413	0.39338235294117646	0.23897058823529413
LUAD-E00934	WT	0	0.38944365192582026	0.2710413694721826	0.38944365192582026	0.2710413694721826
LUAD-S01356	WT	0	0.38762886597938145	0.43711340206185567	0.38762886597938145	0.43711340206185567
TCGA-05-4398	WT	0	0.38682634730538923	0.21676646706586827	0.38682634730538923	0.21676646706586827
BGI-WG08	WT	0	0.3853561079899531	0	0.3853561079899531	0
TCGA-49-AAR3	WT	0	0.38414634146341464	0.4817073170731707	0.38414634146341464	0.4817073170731707
LUAD-NYU627	WT	0.1347517730496454	0.3829787234042553	0.48226950354609927	0.3829787234042553	0.6170212765957447
TCGA-05-5423	WT	0.11409395973154363	0.3825503355704698	0.4093959731543625	0.3825503355704698	0.5234899328859062
TCGA-55-7570	WT	0	0.38247863247863245	0.2264957264957265	0.38247863247863245	0.2264957264957265
BGI-WG10	WT	0	0.38190671228749057	0	0.38190671228749057	0
LUAD-F00365	WT	0	0.38105263157894737	0.3684210526315789	0.38105263157894737	0.3684210526315789
TCGA-49-4514	WT	0	0.38095238095238093	0.14058956916099774	0.38095238095238093	0.14058956916099774
LUAD-NYU669	WT	0	0.3803191489361702	0	0.3803191489361702	0
LUAD-S01306	WT	0	0.37760416666666663	0.4895833333333333	0.37760416666666663	0.4895833333333333
TCGA-17-Z058	WT	0	0.3768115942028985	0.5724637681159421	0.3768115942028985	0.5724637681159421
TCGA-17-Z023	WT	0	0.37471264367816093	0.40919540229885054	0.37471264367816093	0.40919540229885054
TCGA-05-4397	WT	0	0.3721185510428101	0.2327113062568606	0.3721185510428101	0.2327113062568606
TCGA-78-7535	WT	0	0.3709677419354839	0.521505376344086	0.3709677419354839	0.521505376344086
TCGA-44-6779	WT	0.18487394957983191	0.36974789915966383	0.34453781512605036	0.36974789915966383	0.5294117647058822
TCGA-44-7660	WT	0	0.36794582392776526	0.45372460496614	0.36794582392776526	0.45372460496614
R7495_2	WT	0.1111111111111111	0.36752136752136755	0.5213675213675214	0.36752136752136755	0.6324786324786325
TCGA-17-Z053	WT	0	0.3673469387755102	0.5102040816326531	0.3673469387755102	0.5102040816326531
TCGA-55-8506	WT	0.14211076280041798	0.3657262277951933	0.15935214211076282	0.3657262277951933	0.3014629049111808
LUAD-YINHD	WT	0	0.36434108527131776	0	0.36434108527131776	0
TCGA-78-7158	WT	0	0.36293436293436293	0.23938223938223938	0.36293436293436293	0.23938223938223938
TCGA-55-6972	WT	0	0.3628571428571429	0.18571428571428572	0.3628571428571429	0.18571428571428572
TCGA-86-8672	WT	0	0.362776025236593	0.41640378548895896	0.362776025236593	0.41640378548895896
TCGA-49-AARN	WT	0	0.3625866050808314	0	0.3625866050808314	0
TCGA-50-6592	WT	0	0.35816618911174786	0.36103151862464183	0.35816618911174786	0.36103151862464183
LUAD-CHTN-MAD06-00678	WT	0	0.35789473684210527	0.32631578947368417	0.35789473684210527	0.32631578947368417
TCGA-50-5072	WT	0	0.355	0.19	0.355	0.19
LUAD-D02085	WT	0	0.3541666666666667	0.3159722222222222	0.3541666666666667	0.3159722222222222
TCGA-86-7955	WT	0	0.3538461538461538	0.4676923076923077	0.3538461538461538	0.4676923076923077
TCGA-91-6831	WT	0	0.35294117647058826	0.47678018575851394	0.35294117647058826	0.47678018575851394
BGI-WG02	WT	0	0.35284188671484723	0	0.35284188671484723	0
TCGA-49-6743	WT	0	0.35095613048368957	0.23959505061867267	0.35095613048368957	0.23959505061867267
TCGA-17-Z061	WT	0	0.35051546391752575	0.6494845360824743	0.35051546391752575	0.6494845360824743
TCGA-95-7947	WT	0	0.34890965732087226	0.2803738317757009	0.34890965732087226	0.2803738317757009
TCGA-78-8640	WT	0	0.34880952380952385	0.21547619047619046	0.34880952380952385	0.21547619047619046
TCGA-50-5946	WT	0	0.34806629834254144	0.1933701657458564	0.34806629834254144	0.1933701657458564
TCGA-17-Z056	WT	0	0.3455497382198953	0.18150087260034906	0.3455497382198953	0.18150087260034906
TCGA-05-4420	WT	0	0.34276729559748426	0.2830188679245283	0.34276729559748426	0.2830188679245283
LUAD-F00121	WT	0	0.34074074074074073	0.22592592592592592	0.34074074074074073	0.22592592592592592
TCGA-67-3771	WT	0	0.33955857385398985	0.34889643463497455	0.33955857385398985	0.34889643463497455
TCGA-44-2657	WT	0	0.3384615384615385	0.12967032967032968	0.3384615384615385	0.12967032967032968
TCGA-86-8669	WT	0.07792207792207792	0.33766233766233766	0.512987012987013	0.33766233766233766	0.5909090909090909
TCGA-69-8255	WT	0	0.33641975308641975	0.5370370370370371	0.33641975308641975	0.5370370370370371
TCGA-91-8499	WT	0	0.33604336043360433	0.36314363143631434	0.33604336043360433	0.36314363143631434
TCGA-78-7159	WT	0	0.3353846153846154	0.27692307692307694	0.3353846153846154	0.27692307692307694
LUAD-NYU575	WT	0	0.3333333333333333	0.3888888888888889	0.3333333333333333	0.3888888888888889
TCGA-17-Z015	WT	0.09154929577464789	0.33274647887323944	0.2605633802816901	0.33274647887323944	0.352112676056338
TCGA-78-7146	WT	0	0.3325842696629213	0.18651685393258427	0.3325842696629213	0.18651685393258427
LUAD-B02216	WT	0	0.33164556962025316	0.37468354430379747	0.33164556962025316	0.37468354430379747
TCGA-MP-A4TJ	WT	0	0.3274336283185841	0.672566371681416	0.3274336283185841	0.672566371681416
LUAD-S01315	WT	0	0.3272264631043257	0.05801526717557252	0.3272264631043257	0.05801526717557252
LUAD_E01419	WT	0.09782608695652174	0.32608695652173914	0.4673913043478261	0.32608695652173914	0.5652173913043479
LUAD-NYU1101	WT	0.08270676691729323	0.3233082706766917	0.44360902255639095	0.3233082706766917	0.5263157894736842
TCGA-55-8085	WT	0.06070287539936102	0.32268370607028757	0.20766773162939298	0.32268370607028757	0.268370607028754
LUAD-S01468	WT	0	0.3167303243400328	0	0.3167303243400328	0
TCGA-69-7764	WT	0	0.31666666666666665	0.625	0.31666666666666665	0.625
LUAD-AEIUF	WT	0	0.31645569620253167	0.6835443037974683	0.31645569620253167	0.6835443037974683
TCGA-78-8660	WT	0	0.3141891891891892	0.3783783783783784	0.3141891891891892	0.3783783783783784
LUAD-RT-S01840	WT	0	0.3120567375886525	0.624113475177305	0.3120567375886525	0.624113475177305
TCGA-80-5611	WT	0	0.31196581196581197	0.688034188034188	0.31196581196581197	0.688034188034188
LUAD-E01317	WT	0.20075757575757575	0.3106060606060606	0	0.3106060606060606	0.20075757575757575
TCGA-17-Z005	WT	0	0.3095238095238095	0	0.3095238095238095	0
LUAD-RT-S01699	WT	0	0.308411214953271	0.45794392523364486	0.308411214953271	0.45794392523364486
TCGA-17-Z052	WT	0	0.3081761006289308	0.38364779874213834	0.3081761006289308	0.38364779874213834
TCGA-78-7156	WT	0	0.3080459770114943	0.18160919540229886	0.3080459770114943	0.18160919540229886
LUAD-CHTN-MAD08-00104	WT	0	0.3076923076923077	0.29743589743589743	0.3076923076923077	0.29743589743589743
TCGA-78-7162	WT	0	0.3076923076923077	0.5	0.3076923076923077	0.5
TCGA-78-7150	WT	0	0.3057692307692308	0.3576923076923077	0.3057692307692308	0.3576923076923077
TCGA-O1-A52J	WT	0	0.30303030303030304	0.5878787878787879	0.30303030303030304	0.5878787878787879
TCGA-75-5125	WT	0.04784688995215311	0.3014354066985646	0.3397129186602871	0.3014354066985646	0.3875598086124402
TCGA-MP-A4TA	WT	0	0.3010471204188481	0.47643979057591623	0.3010471204188481	0.47643979057591623
TCGA-MP-A5C7	WT	0.09	0.3	0.61	0.3	0.7
TCGA-17-Z044	WT	0	0.2978723404255319	0.7021276595744681	0.2978723404255319	0.7021276595744681
ZA6965	WT	0.1875	0.296875	0.515625	0.296875	0.703125
TCGA-86-7711	WT	0	0.29545454545454547	0.4886363636363636	0.29545454545454547	0.4886363636363636
LUAD-D01382	WT	0	0.29523809523809524	0.7047619047619048	0.29523809523809524	0.7047619047619048
LUAD-RT-S01831	WT	0	0.29394812680115273	0.1585014409221902	0.29394812680115273	0.1585014409221902
TCGA-50-8457	WT	0	0.2857142857142857	0.6285714285714286	0.2857142857142857	0.6285714285714286
LUAD-RT-S01487	WT	0	0.281437125748503	0.6586826347305389	0.281437125748503	0.6586826347305389
LUAD-74TBW	WT	0	0.27999999999999997	0.3142857142857143	0.27999999999999997	0.3142857142857143
TCGA-44-6777	WT	0	0.27702702702702703	0.22972972972972971	0.27702702702702703	0.22972972972972971
LUAD-CHTN-3090415	WT	0	0.2765957446808511	0.4978723404255319	0.2765957446808511	0.4978723404255319
TCGA-62-A470	WT	0.15217391304347827	0.2753623188405797	0.4927536231884058	0.2753623188405797	0.644927536231884
TCGA-55-1596	WT	0	0.2727272727272727	0.7272727272727273	0.2727272727272727	0.7272727272727273
TCGA-17-Z043	WT	0	0.2723214285714286	0.5223214285714286	0.2723214285714286	0.5223214285714286
LUAD-F00057	WT	0	0.27149321266968324	0.49321266968325794	0.27149321266968324	0.49321266968325794
TCGA-55-7574	WT	0	0.2710280373831776	0.19937694704049846	0.2710280373831776	0.19937694704049846
TCGA-44-3398	WT	0	0.27027027027027023	0.22072072072072071	0.27027027027027023	0.22072072072072071
LUAD-S01346	WT	0	0.27015250544662306	0.7298474945533769	0.27015250544662306	0.7298474945533769
LUAD-NYU195	WT	0.10762331838565023	0.26905829596412556	0.24663677130044842	0.26905829596412556	0.3542600896860987
TCGA-78-7147	WT	0	0.2690355329949239	0.4923857868020305	0.2690355329949239	0.4923857868020305
LUAD-NYU739	WT	0	0.2676056338028169	0.4647887323943662	0.2676056338028169	0.4647887323943662
LUAD-S01407	WT	0	0.2659244639732586	0.3085032462120084	0.2659244639732586	0.3085032462120084
WA7899	WT	0	0.26515151515151514	0.5757575757575758	0.26515151515151514	0.5757575757575758
TCGA-44-5643	WT	0.13855421686746988	0.26506024096385544	0.28313253012048195	0.26506024096385544	0.42168674698795183
LUAD-NYU201	WT	0.08620689655172414	0.2629310344827586	0.28448275862068967	0.2629310344827586	0.3706896551724138
TCGA-17-Z026	WT	0	0.26180257510729615	0	0.26180257510729615	0
TCGA-78-7152	WT	0	0.26153846153846155	0.23846153846153847	0.26153846153846155	0.23846153846153847
TCGA-44-3396	WT	0.10504201680672269	0.2605042016806723	0.1638655462184874	0.2605042016806723	0.2689075630252101
TCGA-55-8614	WT	0.0896551724137931	0.25862068965517243	0.5586206896551724	0.25862068965517243	0.6482758620689655
SA9755	WT	0	0.2576530612244898	0.22448979591836735	0.2576530612244898	0.22448979591836735
MA7027	WT	0	0.2558139534883721	0.5155038759689923	0.2558139534883721	0.5155038759689923
LU-69	WT	0	0.25541671177616465	0.16524573383465324	0.25541671177616465	0.16524573383465324
TCGA-55-6968	WT	0	0.25267993874425726	0.07044410413476264	0.25267993874425726	0.07044410413476264
TCGA-55-7727	WT	0	0.25252525252525254	0.36363636363636365	0.25252525252525254	0.36363636363636365
TCGA-93-7348	WT	0.06451612903225806	0.25	0.5564516129032258	0.25	0.6209677419354838
TCGA-55-8092	WT	0	0.2473919523099851	0.29806259314456035	0.2473919523099851	0.29806259314456035
LUAD-NYU508	WT	0.05102040816326531	0.24489795918367346	0.6428571428571428	0.24489795918367346	0.693877551020408
TCGA-17-Z059	WT	0	0.24277456647398843	0.24855491329479767	0.24277456647398843	0.24855491329479767
LU-FF1	WT	0	0.24214595658481677	0.40309564711011353	0.24214595658481677	0.40309564711011353
TCGA-62-8399	WT	0	0.24050632911392403	0.21360759493670883	0.24050632911392403	0.21360759493670883
TCGA-73-4658	WT	0	0.23943661971830985	0.24178403755868544	0.23943661971830985	0.24178403755868544
LU-FF56	WT	0	0.2392713626270893	0.2801110778810299	0.2392713626270893	0.2801110778810299
LUAD-RT-S01477	WT	0	0.23661971830985917	0.3464788732394366	0.23661971830985917	0.3464788732394366
TCGA-55-8208	WT	0	0.23648648648648649	0.2972972972972973	0.23648648648648649	0.2972972972972973
LUAD-CHTN-MAD06-00490	WT	0	0.23008849557522124	0.4247787610619469	0.23008849557522124	0.4247787610619469
LUAD_E01147	WT	0	0.22761194029850745	0.458955223880597	0.22761194029850745	0.458955223880597
TCGA-97-7547	WT	0	0.22477064220183485	0.3119266055045872	0.22477064220183485	0.3119266055045872
TU0428	WT	0.08099173553719008	0.21983471074380165	0.4826446280991736	0.21983471074380165	0.5636363636363637
TCGA-44-A47G	WT	0.08791208791208792	0.21978021978021978	0.46153846153846156	0.21978021978021978	0.5494505494505495
TCGA-86-8281	WT	0	0.21908127208480566	0.47349823321554774	0.21908127208480566	0.47349823321554774
TCGA-MP-A4TH	WT	0	0.2158273381294964	0.6258992805755396	0.2158273381294964	0.6258992805755396
BGI-WG20	WT	0	0.2150969978787161	0.18311422803328486	0.2150969978787161	0.18311422803328486
TCGA-67-6217	WT	0	0.21359223300970873	0.46116504854368934	0.21359223300970873	0.46116504854368934
TCGA-44-2662	WT	0	0.20522388059701493	0.19402985074626866	0.20522388059701493	0.19402985074626866
TCGA-17-Z003	WT	0	0.2046979865771812	0.5302013422818792	0.2046979865771812	0.5302013422818792
TCGA-78-7149	WT	0	0.195	0.315	0.195	0.315
TCGA-NJ-A4YP	WT	0	0.19423368740515934	0	0.19423368740515934	0
TCGA-55-8204	WT	0	0.19413919413919414	0.4139194139194139	0.19413919413919414	0.4139194139194139
TCGA-55-6712	WT	0.06965174129353234	0.19402985074626866	0.21890547263681592	0.19402985074626866	0.2885572139303483
TCGA-49-4486	WT	0	0.19369369369369369	0.21621621621621623	0.19369369369369369	0.21621621621621623
TCGA-97-8174	WT	0.07407407407407407	0.1904761904761905	0.25925925925925924	0.1904761904761905	0.3333333333333333
TCGA-J2-A4AD	WT	0	0.18858560794044665	0.2630272952853598	0.18858560794044665	0.2630272952853598
TCGA-17-Z000	WT	0	0.18620689655172412	0.5379310344827586	0.18620689655172412	0.5379310344827586
LUAD-E01014	WT	0.26153846153846155	0.18461538461538463	0.4307692307692308	0.18461538461538463	0.6923076923076923
TCGA-49-6742	WT	0	0.18230563002680966	0.18498659517426275	0.18230563002680966	0.18498659517426275
TCGA-69-7760	WT	0.1744186046511628	0.1744186046511628	0.45348837209302323	0.1744186046511628	0.627906976744186
TCGA-86-7954	WT	0	0.17437722419928825	0.5444839857651246	0.17437722419928825	0.5444839857651246
LUAD-RT-S01810	WT	0	0.1715976331360947	0.514792899408284	0.1715976331360947	0.514792899408284
TCGA-MP-A4SV	WT	0	0.17114914425427874	0.29095354523227385	0.17114914425427874	0.29095354523227385
TCGA-55-A4DF	WT	0	0.1680327868852459	0.20184426229508196	0.1680327868852459	0.20184426229508196
TCGA-17-Z027	WT	0	0.14953271028037382	0.7570093457943925	0.14953271028037382	0.7570093457943925
TCGA-05-5715	WT	0.20279720279720279	0.14685314685314685	0	0.14685314685314685	0.20279720279720279
TCGA-17-Z032	WT	0.0949367088607595	0.14556962025316456	0.4430379746835443	0.14556962025316456	0.5379746835443038
TCGA-78-7154	WT	0.10650887573964497	0.14497041420118342	0.3609467455621302	0.14497041420118342	0.46745562130177515
LUAD-NYU696	WT	0	0.13934426229508198	0	0.13934426229508198	0
TCGA-L9-A743	WT	0	0.13103448275862067	0	0.13103448275862067	0
TCGA-78-7153	WT	0.14935064935064934	0.12987012987012986	0.461038961038961	0.12987012987012986	0.6103896103896104
LUAD-S01473	WT	0	0.126098034294111	0.24710105861523798	0.126098034294111	0.24710105861523798
LUAD-S01405	WT	0	0.1235632183908046	0.5632183908045978	0.1235632183908046	0.5632183908045978
TCGA-35-4122	WT	0	0.11653116531165311	0.5528455284552846	0.11653116531165311	0.5528455284552846
LUAD-CHTN-3090416	WT	0	0.11557788944723618	0.5276381909547738	0.11557788944723618	0.5276381909547738
LU-FF79	WT	0	0.11242739483407839	0.33548973245413	0.11242739483407839	0.33548973245413
LUAD_E01047	WT	0	0.10377358490566037	0.11320754716981131	0.10377358490566037	0.11320754716981131
TCGA-75-5122	WT	0.08695652173913045	0.09937888198757763	0.4037267080745342	0.09937888198757763	0.49068322981366463
RH090935	WT	0.18627450980392157	0.09313725490196079	0.3872549019607843	0.09313725490196079	0.5735294117647058
LUAD-RT-S01769	WT	0	0.07575757575757576	0.33636363636363636	0.07575757575757576	0.33636363636363636
TCGA-55-1594	WT	0	0.07234042553191489	0.3404255319148936	0.07234042553191489	0.3404255319148936
TCGA-91-6830	WT	0	0.06907894736842105	0.14473684210526314	0.06907894736842105	0.14473684210526314
TCGA-95-7944	WT	0	0.06514657980456026	0.1498371335504886	0.06514657980456026	0.1498371335504886
LUAD-QCHM7	WT	0	0	0	0	0
LUAD-UF7HM	WT	0	0	0	0	0
TCGA-55-6981	WT	0	0	0	0	0
TCGA-55-7573	WT	0	0	0	0	0
TCGA-67-6215	WT	0	0	0	0	0
TCGA-80-5607	WT	0	0	0	0	0
TCGA-97-8175	WT	0	0	0	0	0
TCGA-MP-A4T9	WT	0	0	0	0	0
TCGA-05-4396	WT	0	0	0	0	0
TCGA-53-7626	WT	0	0	0	0	0
TCGA-55-6979	WT	0	0	0	0	0
AU5884	WT	0	0	0	0	0
LU-FF57	WT	0	0	0	0	0
LUAD-NYU1124	WT	0	0	0	0	0
LUAD-NYU1128	WT	0	0	0	0	0
LUAD-NYU129	WT	0	0	0	0	0
LUAD-NYU279	WT	0	0	0	0	0
LUAD-NYU287	WT	0	0	0	0	0
LUAD-NYU605	WT	0	0	0	0	0
LUAD-NYU735	WT	0	0	0	0	0
LUAD-NYU846	WT	0	0	0	0	0
LUAD-NYU994	WT	0	0	0	0	0
TCGA-17-Z002	WT	0	0	0	0	0
TCGA-17-Z004	WT	0	0	0	0	0
TCGA-17-Z019	WT	0	0	0	0	0
TCGA-44-6148	WT	0	0	0	0	0
TCGA-49-AARR	WT	0	0	0	0	0
TCGA-55-6980	WT	0	0	0	0	0
TCGA-55-6986	WT	0	0	0	0	0
TCGA-55-7816	WT	0	0	0	0	0
TCGA-69-7761	WT	0	0	0	0	0
TCGA-78-8648	WT	0	0	0	0	0
TCGA-86-A4P8	WT	0	0	0	0	0
TCGA-97-8552	WT	0	0	0	0	0
TCGA-97-A4M2	WT	0	0	0	0	0
TCGA-L4-A4E6	WT	0	0	0	0	0
TCGA-L9-A50W	WT	0	0	0	0	0
VA7859	WT	0	0	0	0	0
BGI-WG21	WT	0	0	0.07371945123321565	0	0.07371945123321565
TCGA-55-A48Y	WT	0.08029197080291971	0	0	0	0.08029197080291971
TCGA-95-7948	WT	0.08108108108108109	0	0	0	0.08108108108108109
TCGA-93-A4JP	WT	0.1168831168831169	0	0	0	0.1168831168831169
TCGA-86-8278	WT	0.13636363636363635	0	0	0	0.13636363636363635
TCGA-55-6982	WT	0	0	0.19424460431654675	0	0.19424460431654675
LUAD-B01970	WT	0	0	0.22676579925650558	0	0.22676579925650558
LUAD-RT-S01856	WT	0.25	0	0	0	0.25
TCGA-50-5044	WT	0	0	0.25301204819277107	0	0.25301204819277107
LUAD-S01345	WT	0.09022556390977443	0	0.16541353383458646	0	0.2556390977443609
TCGA-91-6840	WT	0.07913669064748202	0	0.19424460431654675	0	0.27338129496402874
TCGA-86-7701	WT	0	0	0.2841328413284133	0	0.2841328413284133
TCGA-17-Z057	WT	0	0	0.29838709677419356	0	0.29838709677419356
TCGA-95-8494	WT	0.3018867924528302	0	0	0	0.3018867924528302
TCGA-05-4422	WT	0.3125	0	0	0	0.3125
TCGA-05-4389	WT	0.06415094339622641	0	0.2490566037735849	0	0.3132075471698113
LU-SC81	WT	0	0	0.3152579638708164	0	0.3152579638708164
TCGA-86-6562	WT	0.3191489361702128	0	0	0	0.3191489361702128
TCGA-91-6835	WT	0	0	0.32432432432432434	0	0.32432432432432434
TCGA-05-4402	WT	0	0	0.3287671232876712	0	0.3287671232876712
BGI-WG18	WT	0	0	0.3307808397253692	0	0.3307808397253692
LU-F29	WT	0	0	0.39272688212728485	0	0.39272688212728485
TCGA-64-1680	WT	0.39344262295081966	0	0	0	0.39344262295081966
TCGA-50-5942	WT	0	0	0.39436619718309857	0	0.39436619718309857
LUAD-F00134	WT	0.39705882352941174	0	0	0	0.39705882352941174
BGI-WG17	WT	0	0	0.4000758274215248	0	0.4000758274215248
BGI-WG14	WT	0	0	0.4075766963191565	0	0.4075766963191565
BGI-WG09	WT	0	0	0.40952165517413397	0	0.40952165517413397
BGI-WG22	WT	0	0	0.4097619181097315	0	0.4097619181097315
LU-FF23	WT	0.07457353015839896	0	0.35578992075792504	0	0.430363450916324
LU-FF24	WT	0	0	0.4340550791059488	0	0.4340550791059488
TCGA-17-Z048	WT	0.4411764705882353	0	0	0	0.4411764705882353
LUAD-S01373	WT	0.4418604651162791	0	0	0	0.4418604651162791
TCGA-38-6178	WT	0	0	0.45161290322580644	0	0.45161290322580644
LUAD-NYU574S	WT	0.45454545454545453	0	0	0	0.45454545454545453
TCGA-62-A471	WT	0.051470588235294115	0	0.4117647058823529	0	0.463235294117647
TCGA-49-6745	WT	0.11428571428571428	0	0.3657142857142857	0	0.48
TCGA-55-8505	WT	0.48148148148148145	0	0	0	0.48148148148148145
BGI-WG16	WT	0	0	0.4848484578723273	0	0.4848484578723273
TCGA-49-6761	WT	0	0	0.48876404494382025	0	0.48876404494382025
TCGA-64-1681	WT	0	0	0.49019607843137253	0	0.49019607843137253
BGI-WG05	WT	0	0	0.49092430601897247	0	0.49092430601897247
LU-FF20	WT	0	0	0.49119454393596323	0	0.49119454393596323
TCGA-86-8671	WT	0.5	0	0	0	0.5
TCGA-50-5935	WT	0	0	0.5111111111111111	0	0.5111111111111111
LU-FF58	WT	0	0	0.5145323794544393	0	0.5145323794544393
LU-SC126	WT	0	0	0.5147643917594352	0	0.5147643917594352
TCGA-44-2665	WT	0.5263157894736842	0	0	0	0.5263157894736842
LUAD-S01304	WT	0.05223880597014925	0	0.47761194029850745	0	0.5298507462686567
DM123062	WT	0	0	0.5310344827586206	0	0.5310344827586206
LU-FF107	WT	0	0	0.5332053611309058	0	0.5332053611309058
TCGA-49-AAQV	WT	0	0	0.5333333333333333	0	0.5333333333333333
BGI-WG12	WT	0	0	0.5352781487579095	0	0.5352781487579095
LUAD-QJN9L	WT	0.09090909090909091	0	0.4444444444444444	0	0.5353535353535354
BGI-WG07	WT	0	0	0.5430012085689403	0	0.5430012085689403
TCGA-97-8547	WT	0.5510204081632654	0	0	0	0.5510204081632654
TCGA-75-5147	WT	0.5517241379310345	0	0	0	0.5517241379310345
TCGA-55-7724	WT	0	0	0.5543478260869565	0	0.5543478260869565
LUAD-NYU584S	WT	0	0	0.5609756097560976	0	0.5609756097560976
LUAD-S01341	WT	0.1476510067114094	0	0.4228187919463087	0	0.5704697986577181
TCGA-93-A4JQ	WT	0	0	0.5714285714285714	0	0.5714285714285714
LU-FF21	WT	0	0	0.5728114655977764	0	0.5728114655977764
LU-FF34	WT	0	0	0.5767564919673857	0	0.5767564919673857
LUAD-RT-S01702	WT	0.5772357723577236	0	0	0	0.5772357723577236
LUAD-5O6B5	WT	0.5833333333333334	0	0	0	0.5833333333333334
LU-FF86	WT	0.09325855140131617	0	0.5113697032126843	0	0.6046282546140005
TCGA-97-A4M1	WT	0.6060606060606061	0	0	0	0.6060606060606061
TCGA-17-Z041	WT	0	0	0.6145833333333334	0	0.6145833333333334
LU-FF13	WT	0	0	0.6150717698222071	0	0.6150717698222071
TCGA-50-8460	WT	0.6261918546487871	0	0	0	0.6261918546487871
TCGA-17-Z007	WT	0.627906976744186	0	0	0	0.627906976744186
LUAD-TLLGS	WT	0.08588957055214724	0	0.5460122699386503	0	0.6319018404907975
LU-FF3	WT	0	0	0.6321570303962227	0	0.6321570303962227
LU-F16	WT	0	0	0.6342024704240625	0	0.6342024704240625
LU-FF37	WT	0.14224740330340951	0	0.4943450352532389	0	0.6365924385566484
LU-F31	WT	0	0	0.6395956939264702	0	0.6395956939264702
LU-87	WT	0	0	0.6427349651032991	0	0.6427349651032991
LU-FF43	WT	0	0	0.6437551891622793	0	0.6437551891622793
TCGA-55-8206	WT	0.6467506900433977	0	0	0	0.6467506900433977
BGI-WG11	WT	0.09346491728985909	0	0.5536235220969654	0	0.6470884393868245
TCGA-50-6597	WT	0.23376623376623376	0	0.4155844155844156	0	0.6493506493506493
LU-FF76	WT	0.15745207160245572	0	0.4959156605824474	0	0.6533677321849032
LU-FF78	WT	0	0	0.6536012064023342	0	0.6536012064023342
LU-FF4	WT	0	0	0.654194211489329	0	0.654194211489329
TCGA-97-7552	WT	0.6551724137931034	0	0	0	0.6551724137931034
LUAD-NYU1142	WT	0.6571428571428571	0	0	0	0.6571428571428571
TCGA-49-4512	WT	0.6571428571428571	0	0	0	0.6571428571428571
LU-FF55	WT	0	0	0.6587600828506198	0	0.6587600828506198
TCGA-75-6207	WT	0.08235294117647059	0	0.5764705882352941	0	0.6588235294117647
BGI-WG19	WT	0	0	0.6616646114631156	0	0.6616646114631156
LU-F37	WT	0	0	0.6618737879457234	0	0.6618737879457234
LU-FF115	WT	0	0	0.662077845364944	0	0.662077845364944
TCGA-44-2666	WT	0.6666666666666666	0	0	0	0.6666666666666666
TCGA-75-7025	WT	0.6666666666666666	0	0	0	0.6666666666666666
BGI-WG24	WT	0	0	0.6679814957776034	0	0.6679814957776034
TCGA-38-4628	WT	0.0896551724137931	0	0.5793103448275863	0	0.6689655172413793
LU-51	WT	0	0	0.6708444240476581	0	0.6708444240476581
TCGA-86-A4P7	WT	0.10344827586206896	0	0.5747126436781609	0	0.6781609195402298
TCGA-55-A57B	WT	0.6785714285714286	0	0	0	0.6785714285714286
TCGA-62-A46U	WT	0.6785714285714286	0	0	0	0.6785714285714286
BGI-WG04	WT	0.32814686971208545	0	0.35278145349239226	0	0.6809283232044777
TCGA-75-6212	WT	0.6818915329590727	0	0	0	0.6818915329590727
TCGA-17-Z047	WT	0.6852438906798759	0	0	0	0.6852438906798759
TCGA-49-4501	WT	0.6862745098039216	0	0	0	0.6862745098039216
LUAD-NYU252	WT	0.6875655701978857	0	0	0	0.6875655701978857
LUAD-E00163	WT	0.68783337361829755	0	0	0	0.68783337361829755
LU-42	WT	0.13883041159724718	0	0.5550343691266881	0	0.6938647807239353
LU-SC97	WT	0	0	0.695497185248823	0	0.695497185248823
TCGA-55-8087	WT	0.6956521739130435	0	0	0	0.6956521739130435
LUAD-S01362	WT	0.6976744186046512	0	0	0	0.6976744186046512
TCGA-44-3919	WT	0	0	0.7	0	0.7
TCGA-MP-A4T2	WT	0	0	0.7009345794392523	0	0.7009345794392523
LU-F13	WT	0	0	0.7076151161228689	0	0.7076151161228689
TCGA-62-8394	WT	0	0	0.7090909090909091	0	0.7090909090909091
LUAD_E01319	WT	0.7095261651218739	0	0	0	0.7095261651218739
TCGA-44-A47B	WT	0.27419354838709675	0	0.43548387096774194	0	0.7096774193548387
LU-57	WT	0	0	0.7103178763147766	0	0.7103178763147766
LU-FF77	WT	0	0	0.710935044823704	0	0.710935044823704
LU-F6	WT	0.3004539854464922	0	0.4107905067406191	0	0.7112444921871113
TCGA-91-A4BD	WT	0.7183161450852004	0	0	0	0.7183161450852004
BGI-WG06	WT	0	0	0.7235252682979161	0	0.7235252682979161
TCGA-05-4426	WT	0.7241379310344828	0	0	0	0.7241379310344828
TCGA-67-6216	WT	0	0	0.7254901960784313	0	0.7254901960784313
BGI-WG13	WT	0	0	0.7287432342778907	0	0.7287432342778907
LUAD-RT-S01770	WT	0.7307692307692307	0	0	0	0.7307692307692307
LU-78	WT	0	0	0.7309922184237597	0	0.7309922184237597
LU-14	WT	0	0	0.7326212546788708	0	0.7326212546788708
TCGA-50-6595	WT	0	0	0.7333333333333334	0	0.7333333333333334
LUAD-NYU1093	WT	0.7354872281831367	0	0	0	0.7354872281831367
TCGA-MP-A4T6	WT	0.1875	0	0.5520833333333334	0	0.7395833333333334
LU-FF71	WT	0	0	0.7406268784958431	0	0.7406268784958431
TCGA-86-8074	WT	0	0	0.7435897435897436	0	0.7435897435897436
LU-44	WT	0.07052252810591134	0	0.6756488096901844	0	0.7461713377960957
LU-89	WT	0	0	0.748395415334054	0	0.748395415334054
LUAD-NYU1210	WT	0	0	0.75	0	0.75
BGI-WG03	WT	0	0	0.7531179887723871	0	0.7531179887723871
TCGA-49-4490	WT	0.1917808219178082	0	0.5616438356164384	0	0.7534246575342466
TCGA-38-4627	WT	0.7541032886464171	0	0	0	0.7541032886464171
LO3793	WT	0.2037037037037037	0	0.5555555555555556	0	0.7592592592592593
LUAD-F00170	WT	0.08602150537634409	0	0.6774193548387097	0	0.7634408602150539
TCGA-62-A46V	WT	0.7647058823529411	0	0	0	0.7647058823529411
TCGA-44-6775	WT	0	0	0.7662337662337663	0	0.7662337662337663
TCGA-J2-A4AE	WT	0.18032786885245902	0	0.5901639344262295	0	0.7704918032786885
LUAD-NYU947	WT	0.18571428571428572	0	0.5857142857142857	0	0.7714285714285715
NI9507	WT	0.7724645591533856	0	0	0	0.7724645591533856
TCGA-50-5939	WT	0	0	0.7766990291262136	0	0.7766990291262136
TCGA-95-8039	WT	0.0673076923076923	0	0.7115384615384616	0	0.7788461538461539
LU-4	WT	0	0	0.7875737150682156	0	0.7875737150682156
TCGA-73-7499	WT	0.14457831325301204	0	0.6506024096385542	0	0.7951807228915663
LUAD-TJW61	WT	0	0	0.7963721983548963	0	0.7963721983548963
TCGA-62-8395	WT	0.18888888888888888	0	0.6111111111111112	0	0.8
LU-F2	WT	0	0	0.8098688986703838	0	0.8098688986703838
TCGA-71-8520	WT	0.24	0	0.57	0	0.8099999999999999
LU-6	WT	0	0	0.8100959251989143	0	0.8100959251989143
LUAD-NYU704	WT	0.22641509433962265	0	0.5849056603773585	0	0.8113207547169812
TCGA-05-4434	WT	0.1	0	0.7166666666666667	0	0.8166666666666667
TCGA-91-6847	WT	0.2727272727272727	0	0.5454545454545454	0	0.8181818181818181
LUAD-B01102	WT	0.8214285714285714	0	0	0	0.8214285714285714
TCGA-55-7903	WT	0.1118421052631579	0	0.7105263157894737	0	0.8223684210526315
LUAD-NYU608	WT	0.8297872340425532	0	0	0	0.8297872340425532
TCGA-J2-8192	WT	0.13829787234042554	0	0.6914893617021277	0	0.8297872340425533
TCGA-93-A4JN	WT	0.11235955056179775	0	0.7303370786516854	0	0.8426966292134832
TCGA-97-8177	WT	0	0	0.8431372549019608	0	0.8431372549019608
TCGA-86-8668	WT	0.8461538461538461	0	0	0	0.8461538461538461
TCGA-MP-A4SW	WT	0.3333333333333333	0	0.5172413793103449	0	0.8505747126436782
TCGA-05-5429	WT	0.8571428571428571	0	0	0	0.8571428571428571
TCGA-75-6205	WT	0	0	0.8571428571428571	0	0.8571428571428571
LUAD-CHTN-4090680	WT	0.30952380952380953	0	0.5476190476190477	0	0.8571428571428572
TCGA-97-A4M6	WT	0	0	0.8636363636363636	0	0.8636363636363636
DO52352	WT	0	0	0.873048539215378	0	0.873048539215378
TCGA-50-6591	WT	0.09859154929577464	0	0.7746478873239436	0	0.8732394366197183
DO52359	WT	0	0	0.8797725069530977	0	0.8797725069530977
RO3338	WT	0.06862745098039216	0	0.8137254901960784	0	0.8823529411764706
TCGA-69-7763	WT	0.25510204081632654	0	0.6326530612244897	0	0.8877551020408163
LUAD-NYU1177	WT	0	0	0.8923076923076924	0	0.8923076923076924
SB010944	WT	0.15343915343915343	0	0.7407407407407407	0	0.8941798941798942
LUAD-NYU802	WT	0.3157894736842105	0	0.5789473684210527	0	0.8947368421052632
VA1330	WT	0	0	0.8947368421052632	0	0.8947368421052632
DO52385	WT	0	0	0.8947469740363301	0	0.8947469740363301
LUAD-NYU1026	WT	0	0	0.8958333333333333	0	0.8958333333333333
TCGA-50-5944	WT	0.16091954022988506	0	0.735632183908046	0	0.896551724137931
LUAD-D00147	WT	0.1518987341772152	0	0.7468354430379747	0	0.8987341772151899
LUAD-NYU1096	WT	0.0963855421686747	0	0.8072289156626506	0	0.9036144578313253
TCGA-62-A472	WT	0	0	0.9047619047619048	0	0.9047619047619048
LUAD-CHTN-MAD04-00674	WT	0.4636363636363636	0	0.44545454545454544	0	0.9090909090909091
TCGA-71-6725	WT	0.42666666666666664	0	0.49333333333333335	0	0.9199999999999999
TCGA-91-8497	WT	0.17307692307692307	0	0.75	0	0.9230769230769231
DO52377	WT	0	0	0.9271094756922018	0	0.9271094756922018
SR070761	WT	0.08196721311475409	0	0.8469945355191257	0	0.9289617486338798
TCGA-55-A48Z	WT	0.11267605633802817	0	0.8169014084507042	0	0.9295774647887324
DO52387	WT	0	0	0.9296279520932438	0	0.9296279520932438
TCGA-62-8402	WT	0.24324324324324326	0	0.6891891891891891	0	0.9324324324324325
TCGA-67-3772	WT	0.21333333333333335	0	0.72	0	0.9333333333333333
TCGA-86-8075	WT	0.26666666666666666	0	0.6666666666666666	0	0.9333333333333333
TCGA-73-4675	WT	0	0	0.9342105263157895	0	0.9342105263157895
JB112852	WT	0.2413793103448276	0	0.6945812807881774	0	0.935960591133005
LUAD-GU4I3	WT	0.25	0	0.6923076923076923	0	0.9423076923076923
LUAD-RT-S01808	WT	0.19318181818181818	0	0.75	0	0.9431818181818181
DO52355	WT	0	0	0.9457395304868201	0	0.9457395304868201
LUAD-S01320	WT	0	0	0.9473684210526315	0	0.9473684210526315
TCGA-86-8280	WT	0	0	0.9538461538461539	0	0.9538461538461539
BL3403	WT	0.20588235294117646	0	0.7941176470588235	0	1
GR0134	WT	0.12962962962962962	0	0.8703703703703703	0	1
LUAD_E01086	WT	0	0	1	0	1
LUAD-D02326	WT	0.5185185185185185	0	0.48148148148148145	0	1
LUAD-NYU1195	WT	0	0	1	0	1
LUAD-RT-S01771	WT	0.2391304347826087	0	0.7608695652173914	0	1
TCGA-05-4425	WT	1	0	0	0	1
TCGA-44-5645	WT	0.14893617021276595	0	0.851063829787234	0	1
TCGA-50-6673	WT	0.24528301886792453	0	0.7547169811320755	0	1
TCGA-55-6971	WT	0	0	1	0	1
TCGA-55-6978	WT	1	0	0	0	1
TCGA-62-A46Y	WT	1	0	0	0	1
TCGA-73-4676	WT	0	0	1	0	1
TCGA-86-8055	WT	0.2982456140350877	0	0.7017543859649122	0	1
TCGA-91-8496	WT	0.2857142857142857	0	0.7142857142857143	0	1
TCGA-97-8171	WT	0.3194444444444444	0	0.6805555555555556	0	1
TCGA-NJ-A7XG	WT	1	0	0	0	1
ZA6505	WT	0.1340782122905028	0	0.8659217877094972	0	1
DO52338	WT	0	0	1	0	1
DO52339	WT	0.056467689134158984	0	0.943532310865841	0	1
DO52341	WT	0	0	1	0	1
DO52342	WT	0	0	1	0	1
DO52343	WT	0	0	1	0	1
DO52345	WT	0	0	1	0	1
DO52346	WT	0	0	1	0	1
DO52348	WT	0	0	1	0	1
DO52350	WT	0	0	1	0	1
DO52354	WT	0	0	1	0	1
DO52357	WT	0	0	1	0	1
DO52361	WT	0	0	1	0	1
DO52363	WT	0	0	1	0	1
DO52364	WT	0	0	1	0	1
DO52366	WT	0	0	1	0	1
DO52369	WT	0	0	1	0	1
DO52370	WT	0	0	1	0	1
DO52371	WT	0	0	1	0	1
DO52372	WT	0	0	1	0	1
DO52373	WT	0	0	1	0	1
DO52374	WT	0	0	1	0	1
DO52376	WT	0	0	1	0	1
DO52379	WT	0.057872887574973206	0	0.9421271124250268	0	1
DO52381	WT	0	0	1	0	1
DO52383	WT	0	0	1	0	1
DO52388	WT	0	0	1	0	1
DO52389	WT	0	0	1	0	1
DO52391	WT	0	0	1	0	1
LUAD-NYU1027	WT	1	0	0	0	1
LUAD-NYU213	WT	0.26938892320496394	0	0.7306110767950361	0	1
LUAD-NYU689	WT	1	0	0	0	1
LUAD-NYU796	WT	1	0	0	0	1
LUAD-NYU803	WT	1	0	0	0	1
LUAD-NYU848	WT	1	0	0	0	1
TCGA-17-Z054	WT	1	0	0	0	1
TCGA-38-A44F	WT	1	0	0	0	1
TCGA-50-5055	WT	1	0	0	0	1
TCGA-55-6543	WT	1	0	0	0	1
TCGA-55-8091	WT	1	0	0	0	1
TCGA-55-8513	WT	1	0	0	0	1
TCGA-55-8619	WT	1	0	0	0	1
TCGA-62-8397	WT	1	0	0	0	1
TCGA-75-6203	WT	1	0	0	0	1
