gene_effect	rna_expression_std	kras_allele	is_mutated	AMER1	APC	ARHGAP5	ARID1A	CHPF2	CPAMD8	CSMD2	CTNNB1	DICER1	DMD	DSCAM	DYNC1H1	ELN	FAM65B	GLI3	HECW1	HELZ2	IPO7	KCNQ3	LAMA1	LAMA2	MLLT4	MYH6	MYH9	NCKAP5	PCDH15	PCDHB7	PCDHGA7	PDZD2	PIK3CA	SCN10A	SDK1	SMO	SORL1	TGIF1	other_gene_col	TRIM51	TRPM2	TRRAP	UBR5	ZC3H13
0.125294120759	-0.250053179591285	1	FALSE	0	0	0	0	1	0	0	0	0	0	0	0	0	0	0	1	0	0	0	0	0	0	0	0	0	0	0	0	1	0	0	0	0	0	0	0	1	0	0	0	0
-0.200562418667	-0.7829123252812757	0	FALSE	0	1	0	0	0	0	1	1	0	0	0	0	0	0	0	0	0	0	0	0	0	0	0	0	0	1	0	0	0	0	0	0	0	0	0	1	0	1	0	0	0
-0.253453145566	2.4468608789413473	0	FALSE	1	1	0	0	0	0	0	0	0	1	0	0	0	0	0	0	0	0	0	0	0	0	0	0	0	0	0	0	1	0	0	0	1	1	0	1	0	1	0	0	1
0.008410743822	0.7342640540345851	1	FALSE	0	1	0	0	0	0	0	0	0	0	0	0	0	0	0	1	0	0	0	0	0	0	1	0	1	1	0	0	0	0	0	0	0	0	0	0	0	0	0	0	0
-0.170111099946	-0.5397404968387632	0	FALSE	0	1	0	0	0	0	0	0	0	0	1	0	0	0	0	0	0	0	0	0	0	1	0	0	0	0	0	0	0	1	0	0	0	0	0	1	0	0	0	0	0
-0.146687242007	-0.2183215977634058	0	FALSE	0	1	0	0	0	0	0	0	0	0	0	0	0	0	0	0	0	0	0	0	0	0	0	0	0	1	0	1	1	0	0	0	0	0	0	1	0	0	0	0	0
-0.0923773676956	2.2504050865957077	0	FALSE	0	0	0	0	0	0	0	0	0	0	0	0	0	0	0	0	0	0	0	0	0	0	1	0	0	0	0	0	0	0	0	0	0	0	0	1	0	0	0	0	0
-0.181810159329	1.039318179491908	0	TRUE	1	1	0	0	1	0	0	0	0	0	0	0	0	0	0	0	0	0	0	0	1	0	0	0	0	1	0	0	1	0	1	1	0	0	0	1	0	0	0	0	0
-0.110223842037	-0.5023218465420762	0	FALSE	0	1	0	0	0	0	0	0	1	0	0	0	0	0	1	0	0	0	0	0	1	0	0	0	0	0	0	0	0	0	0	0	0	0	0	1	0	0	0	0	0
-0.249355258173	-0.2394115551137795	0	FALSE	0	1	0	0	0	0	1	0	0	0	1	0	1	0	0	0	0	0	0	0	0	0	0	0	0	0	1	1	0	1	0	0	0	0	1	1	0	0	0	0	0
-0.188688961976	-0.8418976410829162	0	FALSE	0	1	0	0	0	0	1	1	0	1	0	0	0	0	1	1	0	0	0	0	1	0	0	0	0	1	0	0	0	0	1	0	0	0	0	1	0	0	1	0	0
0.137628005055	0.016628056489720443	1	FALSE	0	1	1	1	0	1	1	1	0	0	1	1	0	0	0	1	1	0	0	0	0	1	0	1	1	1	1	0	0	1	0	1	0	0	0	0	0	0	0	1	0
-0.180776196412	0.8401014177996866	0	FALSE	0	1	0	0	1	0	0	0	0	1	0	1	0	0	0	0	1	0	0	0	1	1	0	1	0	1	1	1	0	1	1	1	0	0	0	1	1	0	1	1	0
-0.122501805899	0.6472509143722056	0	FALSE	0	1	0	0	0	0	1	1	0	1	0	1	1	1	1	1	1	0	1	1	0	1	1	0	1	1	0	1	0	1	0	1	1	0	0	1	0	0	0	1	0
-0.272384506283	-0.2823742361589758	0	FALSE	1	1	0	1	0	0	0	0	0	0	0	1	1	0	0	1	0	1	1	1	1	1	0	0	0	1	1	1	0	0	1	0	0	1	0	1	0	1	1	1	0
-0.21765275086	-0.8721575373266084	0	TRUE	1	1	1	0	1	1	1	0	1	1	1	0	0	1	1	0	1	1	1	1	1	0	1	1	1	1	0	0	0	1	1	1	1	1	1	1	0	1	1	1	0
-0.0349001392269	-0.30426006156304997	1	FALSE	1	1	1	1	1	1	0	0	0	1	1	0	0	0	1	1	1	0	0	1	1	1	1	1	1	1	1	0	1	1	1	1	0	0	0	0	1	1	1	1	1
-0.198412054158	-1.0487042691486823	0	FALSE	0	1	0	0	0	0	0	0	0	0	0	0	0	0	0	0	0	0	0	0	0	0	0	0	0	0	0	0	0	0	0	0	0	0	0	1	0	0	0	0	0
