dep_map_id	hugo_symbol	entrez_id	gene_effect	cancer	kras_allele	kras_codon	kras_cn	is_deleted	is_mutated	rna_expression	rna_expression_std
ACH-000007	ATP5PD	10476	-0.453760404579	COAD	G12D	12	2	FALSE	FALSE	8.44373095923	-0.45634978272001797
ACH-000007	DCHS1	8642	-0.133083388559	COAD	G12D	12	2	FALSE	FALSE	0.765534746363	0.8479174138441734
ACH-000007	FAF2	23197	-0.428736155168	COAD	G12D	12	2	FALSE	FALSE	4.68873986801	-0.04551729736507187
ACH-000007	GBA	2629	-0.00192702480267	COAD	G12D	12	2	FALSE	FALSE	5.05701696537	0.2561800404497659
ACH-000007	KNTC1	9735	-0.720393149974	COAD	G12D	12	2	FALSE	FALSE	4.59096124134	-0.6473488300011813
ACH-000007	LIN7C	55327	-0.223977776857	COAD	G12D	12	2	FALSE	FALSE	2.6530600171	-1.4532237195966144
ACH-000007	MTRF1L	54516	-0.120479518682	COAD	G12D	12	2	FALSE	FALSE	3.40871186103	-0.48110049399424903
ACH-000007	NECAP2	55707	-0.451237984201	COAD	G12D	12	2	FALSE	FALSE	4.69376571222	-0.12063398177582442
ACH-000007	OCEL1	79629	0.0842682434088	COAD	G12D	12	2	FALSE	FALSE	2.53605290024	-1.428719383334436
ACH-000007	ORC4	5000	-0.481256393507	COAD	G12D	12	2	FALSE	FALSE	4.45351757922	-0.33439952685567587
ACH-000007	PAX6	5080	-0.0950071542247	COAD	G12D	12	2	FALSE	TRUE	1.25701061821	0.04708322367351002
ACH-000007	PRMT7	54496	-0.306247709426	COAD	G12D	12	2	FALSE	FALSE	5.21373609592	-0.042345957613173356
ACH-000007	PSMB7	5695	-0.515926477308	COAD	G12D	12	2	FALSE	FALSE	7.78299820892	-0.14086496405214824
ACH-000007	RNASE6	6039	0.247681564226	COAD	G12D	12	2	FALSE	FALSE	1.49569516262	0.2633597332601039
ACH-000007	RPP25	54913	0.492354505445	COAD	G12D	12	2	FALSE	FALSE	3.84197311893	0.11060258322840924
ACH-000007	SERPING1	710	-0.268016801919	COAD	G12D	12	2	FALSE	FALSE	0.0565835283664	-0.6317409551136707
ACH-000007	STARD9	57519	0.125294120759	COAD	G12D	12	2	FALSE	FALSE	0.704871964456	-0.250053179591285
ACH-000007	THSD7A	221981	0.361294579553	COAD	G12D	12	2	FALSE	FALSE	0	-0.5687708298672233
ACH-000007	TMEM25	84866	0.287386171231	COAD	G12D	12	2	FALSE	FALSE	0.2750070475	-0.8875579835981858
ACH-000007	TSPAN8	7103	-0.0867473277975	COAD	G12D	12	2	FALSE	FALSE	10.4574834853	1.0945749673455059
ACH-000009	ATP5PD	10476	-0.459090342319	COAD	WT	WT	2	FALSE	FALSE	8.31723170022	-0.7178308871826939
ACH-000009	DCHS1	8642	-0.0341484134853	COAD	WT	WT	2	FALSE	FALSE	0.831877241192	1.0008272997103518
ACH-000009	FAF2	23197	-0.727530662173	COAD	WT	WT	2	FALSE	FALSE	5.32300971061	1.3001931870089156
ACH-000009	GBA	2629	-0.084977035167	COAD	WT	WT	2	FALSE	FALSE	5.82476785314	1.4772345223588876
ACH-000009	KNTC1	9735	-0.528267908362	COAD	WT	WT	2	FALSE	FALSE	5.0062980239	-0.09547544975001088
ACH-000009	LIN7C	55327	-0.017137304264	COAD	WT	WT	2	FALSE	FALSE	3.45154083302	0.1332671175689631
ACH-000009	MTRF1L	54516	-0.326352447969	COAD	WT	WT	2	FALSE	FALSE	4.48992821941	1.5781270801319758
ACH-000009	NECAP2	55707	-0.240233470892	COAD	WT	WT	2	FALSE	FALSE	5.13709360897	1.6293420801596652
ACH-000009	OCEL1	79629	0.188876082386	COAD	WT	WT	2	FALSE	FALSE	3.06522762278	-0.5199940309493681
ACH-000009	ORC4	5000	-0.637625024831	COAD	WT	WT	2	FALSE	FALSE	5.63430284166	1.4607212343813887
ACH-000009	PAX6	5080	-0.0398738854681	COAD	WT	WT	2	FALSE	FALSE	0.263034405834	-0.8104527007143327
ACH-000009	PRMT7	54496	-0.364471078743	COAD	WT	WT	2	FALSE	FALSE	6.79934638752	1.8730335376538652
ACH-000009	PSMB7	5695	-0.808377378192	COAD	WT	WT	2	FALSE	FALSE	8.25856603389	1.0756445288417626
ACH-000009	RNASE6	6039	0.284084579511	COAD	WT	WT	2	FALSE	FALSE	0.0285691521968	-0.92898738809103
ACH-000009	RPP25	54913	0.293083637117	COAD	WT	WT	2	FALSE	FALSE	4.14649230698	0.4202165660586296
ACH-000009	SERPING1	710	0.139608947274	COAD	WT	WT	2	FALSE	FALSE	1.57531233069	3.571461873042548
ACH-000009	STARD9	57519	-0.200562418667	COAD	WT	WT	2	FALSE	FALSE	0.263034405834	-0.7829123252812757
ACH-000009	THSD7A	221981	0.0889375073823	COAD	WT	WT	2	FALSE	FALSE	0.0143552929771	-0.4944237983379453
ACH-000009	TMEM25	84866	0.142860141756	COAD	WT	WT	2	FALSE	FALSE	4.83844759255	1.9772156375683454
ACH-000009	TSPAN8	7103	-0.107110059323	COAD	WT	WT	2	FALSE	FALSE	8.49916821923	0.44824140054807626
ACH-000202	ATP5PD	10476	-0.224478808086	COAD	WT	WT	2	FALSE	FALSE	8.33521168171	-0.68066525115433
ACH-000202	DCHS1	8642	0.169787444394	COAD	WT	WT	2	FALSE	TRUE	1.60880924268	2.791543551481166
ACH-000202	FAF2	23197	-0.527831098608	COAD	WT	WT	2	FALSE	FALSE	4.48992821941	-0.46732975314884984
ACH-000202	GBA	2629	0.235776216911	COAD	WT	WT	2	FALSE	FALSE	5.36527259976	0.746439224700177
ACH-000202	KNTC1	9735	-0.971045226686	COAD	WT	WT	2	FALSE	FALSE	5.50334873517	0.5649742568569304
ACH-000202	LIN7C	55327	-0.0100496025787	COAD	WT	WT	2	FALSE	FALSE	2.87578006307	-1.0107042436873739
ACH-000202	MTRF1L	54516	-0.279096737922	COAD	WT	WT	2	FALSE	FALSE	3.56681515401	-0.17998531205935903
ACH-000202	NECAP2	55707	-0.241310223826	COAD	WT	WT	2	FALSE	FALSE	4.61470984412	-0.43269617715024616
ACH-000202	OCEL1	79629	0.327008017565	COAD	WT	WT	2	FALSE	FALSE	3.52982094653	0.2778289070284672
ACH-000202	ORC4	5000	-0.54059149971	COAD	WT	WT	2	FALSE	FALSE	4.44095219803	-0.35350238777758103
ACH-000202	PAX6	5080	-0.150769580541	COAD	WT	WT	2	FALSE	FALSE	0.124328135002	-0.9301191562042302
ACH-000202	PRMT7	54496	-0.159830586512	COAD	WT	WT	2	FALSE	FALSE	6.38370429247	1.3709477789739906
ACH-000202	PSMB7	5695	-0.58863127401	COAD	WT	WT	2	FALSE	FALSE	8.22814527567	0.9978277817605342
ACH-000202	RNASE6	6039	-0.141385371612	COAD	WT	WT	2	FALSE	FALSE	0	-0.9522058070538775
ACH-000202	RPP25	54913	-0.0983792922449	COAD	WT	WT	2	FALSE	FALSE	4.66049513189	0.9428189768474023
ACH-000202	SERPING1	710	0.0530216293007	COAD	WT	WT	2	FALSE	FALSE	0.13750352375	-0.4077884278880333
ACH-000202	STARD9	57519	-0.253453145566	COAD	WT	WT	2	FALSE	FALSE	2.94110631095	2.4468608789413473
ACH-000202	THSD7A	221981	0.30445670191700003	COAD	WT	WT	2	FALSE	FALSE	0.0703893278914	-0.2042197483661479
ACH-000202	TMEM25	84866	0.449843143901	COAD	WT	WT	2	FALSE	FALSE	4.07210580048	1.4961321811177108
ACH-000202	TSPAN8	7103	0.00728825847862	COAD	WT	WT	2	FALSE	FALSE	2.97819562968	-1.3739319582675535
ACH-000286	ATP5PD	10476	-0.283755565498	COAD	G12D	12	2	FALSE	FALSE	7.57160097245	-2.259091664079388
ACH-000286	DCHS1	8642	-0.23165551585	COAD	G12D	12	2	FALSE	FALSE	0.238786859587	-0.36616052300122376
ACH-000286	FAF2	23197	-0.808829723006	COAD	G12D	12	2	FALSE	FALSE	4.28392177231	-0.9044071878487306
ACH-000286	GBA	2629	0.0377025987366	COAD	G12D	12	2	FALSE	FALSE	4.74577514949	-0.23882845812934536
ACH-000286	KNTC1	9735	-0.639247916689	COAD	G12D	12	2	FALSE	FALSE	4.39506279952	-0.907646351946574
ACH-000286	LIN7C	55327	-0.389026894603	COAD	G12D	12	2	FALSE	FALSE	2.62058641045	-1.5177450936519004
ACH-000286	MTRF1L	54516	-0.547722366686	COAD	G12D	12	2	FALSE	FALSE	4.01346225981	0.6706751769708872
ACH-000286	NECAP2	55707	-0.0994976834381	COAD	G12D	12	2	FALSE	FALSE	4.46008724012	-1.0430476971375366
ACH-000286	OCEL1	79629	0.0791747518414	COAD	G12D	12	2	FALSE	FALSE	3.48671437303	0.2038041387895807
ACH-000286	ORC4	5000	-0.40365324017	COAD	G12D	12	2	FALSE	FALSE	3.98732086593	-1.0431477010308985
ACH-000286	PAX6	5080	-0.173172498724	COAD	G12D	12	2	FALSE	FALSE	3.7782085764	2.222203507963933
ACH-000286	PRMT7	54496	-0.329361537982	COAD	G12D	12	2	FALSE	FALSE	5.26378561389	0.01811266893307778
ACH-000286	PSMB7	5695	-0.657452984115	COAD	G12D	12	2	FALSE	FALSE	7.90430344865	0.1694356238369217
ACH-000286	RNASE6	6039	0.104630028036	COAD	G12D	12	2	FALSE	FALSE	1.28688114779	0.0936546174681044
ACH-000286	RPP25	54913	0.149730968151	COAD	G12D	12	2	FALSE	FALSE	4.09929520434	0.37222982663510984
ACH-000286	SERPING1	710	-0.192924386611	COAD	G12D	12	2	FALSE	FALSE	0.389566811763	0.2898167820939211
ACH-000286	STARD9	57519	-0.0577471032252	COAD	G12D	12	2	FALSE	FALSE	0.432959407276	-0.5779816005548648
ACH-000286	THSD7A	221981	0.468243845428	COAD	G12D	12	2	FALSE	FALSE	0.18903382439	0.41024810931032246
ACH-000286	TMEM25	84866	0.370394183469	COAD	G12D	12	2	FALSE	FALSE	2.8052924556	0.7008696116753383
ACH-000286	TSPAN8	7103	-0.053679623611	COAD	G12D	12	2	FALSE	FALSE	7.43112147253	0.0957371458647411
ACH-000350	ATP5PD	10476	-0.0964645909888	COAD	G12D	12	2	FALSE	FALSE	8.37134104801	-0.6059838128787587
ACH-000350	DCHS1	8642	-0.176473260576	COAD	G12D	12	2	FALSE	FALSE	0.0840642647885	-0.7227737973819726
ACH-000350	FAF2	23197	-0.868289673798	COAD	G12D	12	2	FALSE	FALSE	4.6182386556	-0.1950975143785528
ACH-000350	GBA	2629	0.267924755404	COAD	G12D	12	2	FALSE	FALSE	6.17891378467	2.0404790380384754
ACH-000350	KNTC1	9735	-0.543343701306	COAD	G12D	12	2	FALSE	FALSE	5.81506301719	0.979160579172586
ACH-000350	LIN7C	55327	-0.238333763592	COAD	G12D	12	2	FALSE	FALSE	3.04264433741	-0.6791638522182614
ACH-000350	MTRF1L	54516	-0.634533845984	COAD	G12D	12	2	FALSE	FALSE	2.45943161864	-2.289049509519311
ACH-000350	NECAP2	55707	-0.219348649902	COAD	G12D	12	2	FALSE	FALSE	4.9107326619	0.7358132911222167
ACH-000350	OCEL1	79629	0.228195045004	COAD	G12D	12	2	FALSE	FALSE	4.40667271576	1.7836027073308256
ACH-000350	ORC4	5000	-0.415656712448	COAD	G12D	12	2	FALSE	FALSE	4.59514556799	-0.1190857427998753
ACH-000350	PAX6	5080	-0.155212310384	COAD	G12D	12	2	FALSE	FALSE	2.748461233	1.3338066539812676
ACH-000350	PRMT7	54496	-0.026709061287	COAD	G12D	12	2	FALSE	FALSE	6.02746372341	0.9406176499539168
ACH-000350	PSMB7	5695	-0.87428439628	COAD	G12D	12	2	FALSE	FALSE	7.11987488953	-1.8371441710151983
ACH-000350	RNASE6	6039	0.347589516096	COAD	G12D	12	2	FALSE	FALSE	0.432959407276	-0.6003356205396868
ACH-000350	RPP25	54913	0.263509125388	COAD	G12D	12	2	FALSE	FALSE	3.83187724119	0.1003377951956265
ACH-000350	STARD9	57519	0.008410743822	COAD	G12D	12	2	FALSE	FALSE	1.5210507369	0.7342640540345851
ACH-000350	THSD7A	221981	0.179956892232	COAD	G12D	12	2	FALSE	FALSE	0.0840642647885	-0.13339632690958575
ACH-000350	TMEM25	84866	0.133886227336	COAD	G12D	12	2	FALSE	FALSE	0.516015147004	-0.7362612505454331
ACH-000350	TSPAN8	7103	0.181857609328	COAD	G12D	12	2	FALSE	FALSE	1.13750352375	-1.9814445047990088
ACH-000381	ATP5PD	10476	-0.139181891729	COAD	G13D	13	2	FALSE	FALSE	8.28053880694	-0.7936771675156675
ACH-000381	DCHS1	8642	0.0250822515482	COAD	G13D	13	2	FALSE	FALSE	0.250961573533	-0.33809956260570867
ACH-000381	FAF2	23197	-0.729416643414	COAD	G13D	13	2	FALSE	FALSE	4.97315203788	0.5579111067171734
ACH-000381	GBA	2629	0.025049689303	COAD	G13D	13	2	FALSE	FALSE	5.47702965301	0.9241810585809985
ACH-000381	KNTC1	9735	-0.614879725347	COAD	G13D	13	2	FALSE	FALSE	5.92148393743	1.12056600110582
ACH-000381	LIN7C	55327	-0.447483764524	COAD	G13D	13	2	FALSE	FALSE	3.90977310414	1.0437226788435736
ACH-000381	MTRF1L	54516	-0.0677034850474	COAD	G13D	13	2	FALSE	FALSE	4.42088657498	1.4466340104319448
ACH-000381	NECAP2	55707	-0.24368655688	COAD	G13D	13	2	FALSE	FALSE	4.40599235968	-1.2565798175776035
ACH-000381	OCEL1	79629	0.162284653974	COAD	G13D	13	2	FALSE	FALSE	2.13422093976	-2.1187653631084773
ACH-000381	ORC4	5000	-0.579168968449	COAD	G13D	13	2	FALSE	FALSE	4.48928602263	-0.28002158244456227
ACH-000381	PAX6	5080	0.157562028606	COAD	G13D	13	2	FALSE	FALSE	2.46727948046	1.0912219209834815
ACH-000381	PRMT7	54496	-0.14861245605	COAD	G13D	13	2	FALSE	FALSE	5.19258872157	-0.06789148252765478
ACH-000381	PSMB7	5695	-0.94139249956	COAD	G13D	13	2	FALSE	FALSE	7.77636722957	-0.15782710678534712
ACH-000381	RNASE6	6039	0.181378110422	COAD	G13D	13	2	FALSE	FALSE	1.41683974191	0.1992731904420269
ACH-000381	RPP25	54913	0.372561600746	COAD	G13D	13	2	FALSE	FALSE	5.0241423459	1.3125502341639785
ACH-000381	SERPING1	710	-0.213332129815	COAD	G13D	13	2	FALSE	FALSE	0.0565835283664	-0.6317409551136707
ACH-000381	STARD9	57519	-0.170111099946	COAD	G13D	13	2	FALSE	FALSE	0.464668267003	-0.5397404968387632
ACH-000381	THSD7A	221981	0.202720477008	COAD	G13D	13	2	FALSE	FALSE	0.111031312389	0.006267833299768488
ACH-000381	TMEM25	84866	0.34306183300799997	COAD	G13D	13	2	FALSE	FALSE	0.310340120612	-0.8653770753981651
ACH-000381	TSPAN8	7103	-0.0303729522946	COAD	G13D	13	2	FALSE	FALSE	10.0211187864	0.9505546672686329
ACH-000403	ATP5PD	10476	-0.23922983154	COAD	G13D	13	2	FALSE	FALSE	9.03199060859	0.7596160974699955
ACH-000403	DCHS1	8642	0.00883112559523	COAD	G13D	13	2	FALSE	FALSE	0.226508529809	-0.3944603029510213
ACH-000403	FAF2	23197	-0.759944555459	COAD	G13D	13	2	FALSE	FALSE	5.77082904603	2.250317462679602
ACH-000403	GBA	2629	0.201482716872	COAD	G13D	13	2	FALSE	FALSE	6.01077983875	1.7730736706243195
ACH-000403	KNTC1	9735	-0.536014866848	COAD	G13D	13	2	FALSE	FALSE	6.00898878323	1.236836933678539
ACH-000403	LIN7C	55327	-0.402546914508	COAD	G13D	13	2	FALSE	FALSE	3.53605290024	0.30118301185374763
ACH-000403	MTRF1L	54516	-0.284045405104	COAD	G13D	13	2	FALSE	FALSE	3.84197311893	0.3440660160695304
ACH-000403	NECAP2	55707	-0.150606202002	COAD	G13D	13	2	FALSE	FALSE	4.94345253856	0.8649705161113106
ACH-000403	OCEL1	79629	0.0508547604763	COAD	G13D	13	2	FALSE	FALSE	2.75702324651	-1.0492580311046387
ACH-000403	ORC4	5000	-0.510183432006	COAD	G13D	13	2	FALSE	FALSE	5.42660022617	1.1449557102937395
ACH-000403	PAX6	5080	0.18003279989	COAD	G13D	13	2	FALSE	FALSE	3.64731450955	2.1092768974318914
ACH-000403	PRMT7	54496	-0.251661308705	COAD	G13D	13	2	FALSE	FALSE	5.27164977246	0.027612385321338383
ACH-000403	PSMB7	5695	-0.610388772564	COAD	G13D	13	2	FALSE	FALSE	8.44261180369	1.5464363156973808
ACH-000403	RNASE6	6039	0.253121211487	COAD	G13D	13	2	FALSE	FALSE	0.0426443374085	-0.917548352554598
ACH-000403	RPP25	54913	0.409073599245	COAD	G13D	13	2	FALSE	FALSE	3.29719141657	-0.44329365470918974
ACH-000403	SERPING1	710	0.0118156951503	COAD	G13D	13	2	FALSE	FALSE	0.659924558402	1.0380533622841333
ACH-000403	STARD9	57519	-0.146687242007	COAD	G13D	13	2	FALSE	FALSE	0.731183241572	-0.2183215977634058
ACH-000403	THSD7A	221981	0.0691348977838	COAD	G13D	13	2	FALSE	FALSE	0.83995958749	3.7814365838064683
ACH-000403	TMEM25	84866	0.00299620274958	COAD	G13D	13	2	FALSE	FALSE	2.00360223668	0.19759560846728857
ACH-000403	TSPAN8	7103	0.106094172259	COAD	G13D	13	2	FALSE	TRUE	6.07767027423	-0.3509636257832423
ACH-000467	ATP5PD	10476	-0.411354116928	COAD	G12V	12	2	FALSE	FALSE	8.28711209354	-0.7800898133005582
ACH-000467	DCHS1	8642	0.0232990285852	COAD	G12V	12	2	FALSE	FALSE	0.68706068834	0.66704602384472
ACH-000467	FAF2	23197	-0.478953816961	COAD	G12V	12	2	FALSE	FALSE	4.79337571126	0.1764852981321885
ACH-000467	GBA	2629	0.0894607381812	COAD	G12V	12	2	FALSE	FALSE	4.76288029292	-0.2116239151172672
ACH-000467	KNTC1	9735	-0.207118591843	COAD	G12V	12	2	FALSE	FALSE	3.79077203786	-1.710589889083647
ACH-000467	LIN7C	55327	-0.404446980379	COAD	G12V	12	2	FALSE	FALSE	3.63807383718	0.5038870448465368
ACH-000467	MTRF1L	54516	-0.67387582748	COAD	G12V	12	2	FALSE	FALSE	3.29278174923	-0.7018948623367544
ACH-000467	NECAP2	55707	-0.267750303452	COAD	G12V	12	2	FALSE	FALSE	4.60880924268	-0.4559879919598292
ACH-000467	OCEL1	79629	0.197638580145	COAD	G12V	12	2	FALSE	FALSE	2.84599177066	-0.8964768229030757
ACH-000467	ORC4	5000	-0.739601117497	COAD	G12V	12	2	FALSE	FALSE	4.67581593117	0.0035555607185190513
ACH-000467	PAX6	5080	0.0777189383028	COAD	G12V	12	2	FALSE	TRUE	0.298658315565	-0.7797187837642898
ACH-000467	PRMT7	54496	-0.177965819017	COAD	G12V	12	2	FALSE	FALSE	5.01925711868	-0.27727193358556684
ACH-000467	PSMB7	5695	-0.854615287813	COAD	G12V	12	2	FALSE	FALSE	7.42441826595	-1.0581177336479022
ACH-000467	RNASE6	6039	0.156291313261	COAD	G12V	12	2	FALSE	FALSE	1.7782085764	0.4929610444429774
ACH-000467	RPP25	54913	0.296996967848	COAD	G12V	12	2	FALSE	FALSE	4.22265002245	0.49764844731678465
ACH-000467	SERPING1	710	-0.131994052338	COAD	G12V	12	2	FALSE	FALSE	0.263034405834	-0.060371721370611524
ACH-000467	STARD9	57519	-0.0923773676956	COAD	G12V	12	2	FALSE	FALSE	2.7782085764	2.2504050865957077
ACH-000467	THSD7A	221981	0.0475066770992	COAD	G12V	12	2	FALSE	TRUE	0	-0.5687708298672233
ACH-000467	TMEM25	84866	0.06637259273	COAD	G12V	12	2	FALSE	FALSE	1.14404636962	-0.34200449140547823
ACH-000467	TSPAN8	7103	0.155455967412	COAD	G12V	12	2	FALSE	FALSE	9.96548128689	0.9321917488310133
ACH-000651	ATP5PD	10476	-0.338001922168	COAD	G12V	12	3.067188855179383	FALSE	FALSE	8.49821096944	-0.34373652828409684
ACH-000651	DCHS1	8642	-0.14657596714	COAD	G12V	12	3.067188855179383	FALSE	FALSE	0.389566811763	-0.01863447144758634
ACH-000651	FAF2	23197	-0.405153114084	COAD	G12V	12	3.067188855179383	FALSE	FALSE	4.79129314859	0.17206679006014008
ACH-000651	GBA	2629	0.0752326682896	COAD	G12V	12	3.067188855179383	FALSE	FALSE	4.6501901235	-0.39084980548004294
ACH-000651	KNTC1	9735	0.00500833732172	COAD	G12V	12	3.067188855179383	FALSE	FALSE	5.26491169307	0.24815411973890789
ACH-000651	LIN7C	55327	-0.135484776967	COAD	G12V	12	3.067188855179383	FALSE	FALSE	3.40463068422	0.04006197129938665
ACH-000651	MTRF1L	54516	-0.696303238343	COAD	G12V	12	3.067188855179383	FALSE	FALSE	4.15704371015	0.9441328243525499
ACH-000651	NECAP2	55707	-0.232677874506	COAD	G12V	12	3.067188855179383	FALSE	FALSE	5.04089243065	1.2496011244829615
ACH-000651	OCEL1	79629	0.12606907197	COAD	G12V	12	3.067188855179383	FALSE	FALSE	2.9107326619	-0.7853005200679657
ACH-000651	ORC4	5000	-0.79661516359	COAD	G12V	12	3.067188855179383	FALSE	FALSE	4.38059093427	-0.4452682330983243
ACH-000651	PAX6	5080	0.00685638367172	COAD	G12V	12	3.067188855179383	FALSE	FALSE	1.92599941856	0.6242418338800081
ACH-000651	PRMT7	54496	-0.297083265074	COAD	G12V	12	3.067188855179383	FALSE	FALSE	6.81595961821	1.893101924938144
ACH-000651	PSMB7	5695	-0.706290146262	COAD	G12V	12	3.067188855179383	FALSE	FALSE	7.81262657328	-0.06507517212260798
ACH-000651	RNASE6	6039	0.26014676937	COAD	G12V	12	3.067188855179383	FALSE	FALSE	0	-0.9522058070538775
ACH-000651	RPP25	54913	0.393237575487	COAD	G12V	12	3.067188855179383	FALSE	FALSE	4.23496109484	0.5101654915792081
ACH-000651	SERPING1	710	-0.197004317214	COAD	G12V	12	3.067188855179383	FALSE	FALSE	0.0426443374085	-0.6703187754373621
ACH-000651	STARD9	57519	-0.181810159329	COAD	G12V	12	3.067188855179383	FALSE	TRUE	1.77399632511	1.039318179491908
ACH-000651	THSD7A	221981	0.203189904084	COAD	G12V	12	3.067188855179383	FALSE	FALSE	0.0143552929771	-0.4944237983379453
ACH-000651	TMEM25	84866	-1.38564574598e-4	COAD	G12V	12	3.067188855179383	FALSE	FALSE	3.58496250072	1.1903200945782602
ACH-000651	TSPAN8	7103	-0.0355824217031	COAD	G12V	12	3.067188855179383	FALSE	FALSE	2.344828497	-1.582972067922039
ACH-000683	ATP5PD	10476	-0.357320265847	COAD	WT	WT	2	FALSE	FALSE	8.97404167808	0.6398323890848922
ACH-000683	DCHS1	8642	-0.0575447736014	COAD	WT	WT	2	FALSE	FALSE	0.13750352375	-0.5996040099080744
ACH-000683	FAF2	23197	-0.531102888448	COAD	WT	WT	2	FALSE	FALSE	5.08915913191	0.8040397292889087
ACH-000683	GBA	2629	0.00459990397435	COAD	WT	WT	2	FALSE	FALSE	5.16108148228	0.4216874293760684
ACH-000683	KNTC1	9735	-0.400701941401	COAD	WT	WT	2	FALSE	FALSE	5.04045412135	-0.05009097684169943
ACH-000683	LIN7C	55327	-0.107077983831	COAD	WT	WT	2	FALSE	FALSE	3.50842865253	0.24629676411714832
ACH-000683	MTRF1L	54516	-0.371802219755	COAD	WT	WT	2	FALSE	FALSE	3.54473265593	-0.22204247166435997
ACH-000683	NECAP2	55707	-0.207730365996	COAD	WT	WT	2	FALSE	FALSE	4.8747969659	0.5939620603965896
ACH-000683	OCEL1	79629	0.0445755842891	COAD	WT	WT	2	FALSE	FALSE	3.59096124134	0.3828220852352066
ACH-000683	ORC4	5000	-0.509357519743	COAD	WT	WT	2	FALSE	FALSE	4.37016428054	-0.4611196356999074
ACH-000683	PAX6	5080	-0.0447049415223	COAD	WT	WT	2	FALSE	FALSE	1.23878685959	0.03136098857427499
ACH-000683	PRMT7	54496	-0.232881566886	COAD	WT	WT	2	FALSE	FALSE	4.93026424524	-0.38477320670096005
ACH-000683	PSMB7	5695	-0.546883508852	COAD	WT	WT	2	FALSE	FALSE	7.78332568481	-0.14002727590765512
ACH-000683	RNASE6	6039	0.327256877313	COAD	WT	WT	2	FALSE	FALSE	0	-0.9522058070538775
ACH-000683	RPP25	54913	0.323076160912	COAD	WT	WT	2	FALSE	FALSE	3.03386345187	-0.711027259489313
ACH-000683	SERPING1	710	-0.0782817952192	COAD	WT	WT	2	FALSE	FALSE	0.847996906555	1.5585585534974855
ACH-000683	STARD9	57519	-0.110223842037	COAD	WT	WT	2	FALSE	FALSE	0.495695162624	-0.5023218465420762
ACH-000683	THSD7A	221981	0.225461220077	COAD	WT	WT	2	FALSE	FALSE	0.18903382439	0.41024810931032246
ACH-000683	TMEM25	84866	0.114486408223	COAD	WT	WT	2	FALSE	FALSE	1.66448284036	-0.015292078227183238
ACH-000683	TSPAN8	7103	0.113317189164	COAD	WT	WT	2	FALSE	TRUE	0.713695814843	-2.1213204241058223
ACH-000820	ATP5PD	10476	-0.226114371421	COAD	G12V	12	2	FALSE	FALSE	8.75485410606	0.186759312888047
ACH-000820	DCHS1	8642	0.0159851578737	COAD	G12V	12	2	FALSE	FALSE	0.400537929584	0.0066523734043829694
ACH-000820	FAF2	23197	-0.252948939446	COAD	G12V	12	2	FALSE	FALSE	4.85598969731	0.3093314336989233
ACH-000820	GBA	2629	-0.0428992761989	COAD	G12V	12	2	FALSE	FALSE	5.50271248597	0.9650278212399386
ACH-000820	KNTC1	9735	-0.0679824022272	COAD	G12V	12	2	FALSE	FALSE	4.97177344719	-0.14134953471125805
ACH-000820	LIN7C	55327	-0.0986830081212	COAD	G12V	12	2	FALSE	FALSE	3.00360223668	-0.7567360791733627
ACH-000820	MTRF1L	54516	-0.51914054606	COAD	G12V	12	2	FALSE	FALSE	4.54101915313	1.6754321742407186
ACH-000820	NECAP2	55707	-0.137270933378	COAD	G12V	12	2	FALSE	FALSE	4.54039930563	-0.7260268347974644
ACH-000820	OCEL1	79629	0.339383264062	COAD	G12V	12	2	FALSE	FALSE	2.90496571868	-0.7952038039675153
ACH-000820	ORC4	5000	-0.848591384329	COAD	G12V	12	2	FALSE	FALSE	5.27276973244	0.9110907377284141
ACH-000820	PAX6	5080	-0.0856832440714	COAD	G12V	12	2	FALSE	FALSE	0.516015147004	-0.5921979064542526
ACH-000820	PRMT7	54496	-0.38308488288	COAD	G12V	12	2	FALSE	FALSE	5.75167794569	0.6074749940758866
ACH-000820	PSMB7	5695	-1.08660301811	COAD	G12V	12	2	FALSE	FALSE	7.84102962596	0.007580254502532824
ACH-000820	RNASE6	6039	0.154403212414	COAD	G12V	12	2	FALSE	FALSE	3.0125686735	1.4961371165946442
ACH-000820	RPP25	54913	0.12704949273	COAD	G12V	12	2	FALSE	FALSE	4.61999982982	0.9016461632717043
ACH-000820	SERPING1	710	0.0880879280696	COAD	G12V	12	2	FALSE	TRUE	0.2750070475	-0.027236482719682494
ACH-000820	STARD9	57519	-0.249355258173	COAD	G12V	12	2	FALSE	FALSE	0.713695814843	-0.2394115551137795
ACH-000820	THSD7A	221981	0.169448218959	COAD	G12V	12	2	FALSE	FALSE	0.18903382439	0.41024810931032246
ACH-000820	TMEM25	84866	0.240860584826	COAD	G12V	12	2	FALSE	FALSE	0.83995958749	-0.5328998878484911
ACH-000820	TSPAN8	7103	0.333479137005	COAD	G12V	12	2	FALSE	FALSE	8.49053001937	0.4453903996786262
ACH-000926	ATP5PD	10476	-0.314426085213	COAD	WT	WT	2	FALSE	FALSE	8.43995551748	-0.4641538337978725
ACH-000926	DCHS1	8642	0.0395958851309	COAD	WT	WT	2	FALSE	FALSE	0.66902676551	0.6254804317040794
ACH-000926	FAF2	23197	-0.627621967972	COAD	WT	WT	2	FALSE	FALSE	4.74792441624	0.0800527072556226
ACH-000926	GBA	2629	0.0425850320971	COAD	WT	WT	2	FALSE	FALSE	4.26978123827	-0.9958637255776474
ACH-000926	KNTC1	9735	-0.51966064451	COAD	WT	WT	2	FALSE	FALSE	4.32481060342	-1.0009930492768888
ACH-000926	LIN7C	55327	-0.0619118437462	COAD	WT	WT	2	FALSE	FALSE	3.25851892471	-0.25024552644264986
ACH-000926	MTRF1L	54516	-0.379279507163	COAD	WT	WT	2	FALSE	FALSE	3.75488750216	0.1782073496031219
ACH-000926	NECAP2	55707	-0.293588215845	COAD	WT	WT	2	FALSE	FALSE	4.73118324157	0.027066582838528207
ACH-000926	OCEL1	79629	0.328738649336	COAD	WT	WT	2	FALSE	FALSE	2.67581593117	-1.1887113025957179
ACH-000926	ORC4	5000	-0.427073511349	COAD	WT	WT	2	FALSE	FALSE	5.14526985665	0.7172555999042699
ACH-000926	PAX6	5080	-0.0151806445214	COAD	WT	WT	2	FALSE	FALSE	0.641546029088	-0.48389829156728836
ACH-000926	PRMT7	54496	-0.185566153201	COAD	WT	WT	2	FALSE	FALSE	4.79856900356	-0.5438579243484305
ACH-000926	PSMB7	5695	-0.878393686069	COAD	WT	WT	2	FALSE	FALSE	7.67284960165	-0.4226267219705905
ACH-000926	RNASE6	6039	0.314133988239	COAD	WT	WT	2	FALSE	FALSE	1.5993177937	0.34757482112391247
ACH-000926	RPP25	54913	0.277984135321	COAD	WT	WT	2	FALSE	FALSE	3.84799690655	0.11672715254929358
ACH-000926	SERPING1	710	-0.118979740192	COAD	WT	WT	2	FALSE	FALSE	0.0976107966264	-0.5181947250572447
ACH-000926	STARD9	57519	-0.188688961976	COAD	WT	WT	2	FALSE	FALSE	0.214124805353	-0.8418976410829162
ACH-000926	THSD7A	221981	0.177003044904	COAD	WT	WT	2	FALSE	FALSE	0.0285691521968	-0.4208092617871744
ACH-000926	TMEM25	84866	0.00130859150767	COAD	WT	WT	2	FALSE	FALSE	0.310340120612	-0.8653770753981651
ACH-000926	TSPAN8	7103	-0.0136992673724	COAD	WT	WT	2	FALSE	FALSE	9.24586165234	0.6946843703231755
ACH-000950	ATP5PD	10476	0.0964633991754	COAD	G13D	13	2	FALSE	FALSE	8.36684673526	-0.6152738108666371
ACH-000950	DCHS1	8642	0.133963673875	COAD	G13D	13	2	FALSE	TRUE	0.111031312389	-0.6606186405497071
ACH-000950	FAF2	23197	-0.766387115916	COAD	G13D	13	2	FALSE	FALSE	5.12142990895	0.8725076274686593
ACH-000950	GBA	2629	0.201660921095	COAD	G13D	13	2	FALSE	FALSE	4.61529857909	-0.4463423843376328
ACH-000950	KNTC1	9735	-0.480002480246	COAD	G13D	13	2	FALSE	TRUE	6.1775192026	1.4607695496139768
ACH-000950	LIN7C	55327	-0.578580177364	COAD	G13D	13	2	FALSE	FALSE	2.6322682155	-1.4945346716807404
ACH-000950	MTRF1L	54516	-0.0195343108979	COAD	G13D	13	2	FALSE	FALSE	3.93073733756	0.5131216589868602
ACH-000950	NECAP2	55707	-0.164425352079	COAD	G13D	13	2	FALSE	FALSE	4.63865311647	-0.33818339380395196
ACH-000950	OCEL1	79629	0.179359770492	COAD	G13D	13	2	FALSE	FALSE	3.69710657448	0.5651001706257754
ACH-000950	ORC4	5000	-0.524284688198	COAD	G13D	13	2	FALSE	FALSE	4.6129421963	-0.09202993682438164
ACH-000950	PAX6	5080	0.176731619374	COAD	G13D	13	2	FALSE	FALSE	0.226508529809	-0.8419647736102237
ACH-000950	PRMT7	54496	-0.264807075274	COAD	G13D	13	2	FALSE	FALSE	5.00405188451	-0.29563949458352373
ACH-000950	PSMB7	5695	-0.84816338324	COAD	G13D	13	2	FALSE	FALSE	7.32894414545	-1.3023419385155741
ACH-000950	RNASE6	6039	0.306508044198	COAD	G13D	13	2	FALSE	FALSE	0.0565835283664	-0.9062198408285864
ACH-000950	RPP25	54913	0.113829040713	COAD	G13D	13	2	FALSE	FALSE	5.10726939359	1.3970680488902967
ACH-000950	SERPING1	710	-0.220862372988	COAD	G13D	13	2	FALSE	FALSE	0.250961573533	-0.09378424557755455
ACH-000950	STARD9	57519	-0.206599558419	COAD	G13D	13	2	FALSE	TRUE	1.87184364851	1.157322726949545
ACH-000950	THSD7A	221981	0.265537389299	COAD	G13D	13	2	FALSE	FALSE	0.432959407276	1.6735551717682373
ACH-000950	TMEM25	84866	0.322464534662	COAD	G13D	13	2	FALSE	FALSE	0.757023246507	-0.5849645174933082
ACH-000950	TSPAN8	7103	0.0100553129392	COAD	G13D	13	2	FALSE	FALSE	9.70253634416	0.8454078965828065
ACH-000957	ATP5PD	10476	-0.243716205517	COAD	G12D	12	2	FALSE	FALSE	8.29291975555	-0.768085048303468
ACH-000957	DCHS1	8642	-0.0705805821728	COAD	G12D	12	2	FALSE	TRUE	1.45943161864	2.447249664104884
ACH-000957	FAF2	23197	-0.702887588848	COAD	G12D	12	2	FALSE	FALSE	4.45154083302	-0.5487750700521109
ACH-000957	GBA	2629	0.260825711583	COAD	G12D	12	2	FALSE	FALSE	5.17192735435	0.43893703587245825
ACH-000957	KNTC1	9735	-1.04110529461	COAD	G12D	12	2	FALSE	FALSE	5.06004738367	-0.02405668284048328
ACH-000957	LIN7C	55327	-0.353347835892	COAD	G12D	12	2	FALSE	FALSE	3.71039319217	0.647577402528036
ACH-000957	MTRF1L	54516	-0.362827144584	COAD	G12D	12	2	FALSE	FALSE	3.75167794569	0.17209459785596778
ACH-000957	NECAP2	55707	0.0259449754701	COAD	G12D	12	2	FALSE	FALSE	4.81813476081	0.37029577805592195
ACH-000957	OCEL1	79629	-0.0857234292465	COAD	G12D	12	2	FALSE	FALSE	3.44890095115	0.1388690357713322
ACH-000957	ORC4	5000	-0.631044486114	COAD	G12D	12	2	FALSE	FALSE	4.60347798825	-0.10641815532578329
ACH-000957	PAX6	5080	-0.0879687051402	COAD	G12D	12	2	FALSE	FALSE	0.847996906555	-0.3057863389420327
ACH-000957	PRMT7	54496	0.284603480677	COAD	G12D	12	2	FALSE	FALSE	5.68481873755	0.5267106618691848
ACH-000957	PSMB7	5695	-0.688004595887	COAD	G12D	12	2	FALSE	FALSE	7.83825848171	4.916267415681271e-4
ACH-000957	RNASE6	6039	0.314146505136	COAD	G12D	12	2	FALSE	FALSE	1.09761079663	-0.06016717885983806
ACH-000957	RPP25	54913	0.34439268567	COAD	G12D	12	2	FALSE	FALSE	3.48155728071	-0.25584323537814835
ACH-000957	SERPING1	710	-0.340543845837	COAD	G12D	12	2	FALSE	FALSE	0.150559676575	-0.37165448587355454
ACH-000957	STARD9	57519	0.137628005055	COAD	G12D	12	2	FALSE	FALSE	0.925999418556	0.016628056489720443
ACH-000957	THSD7A	221981	0.475095469551	COAD	G12D	12	2	FALSE	FALSE	0.0143552929771	-0.4944237983379453
ACH-000957	TMEM25	84866	0.0525287393664	COAD	G12D	12	2	FALSE	FALSE	0.356143810225	-0.8366230683151202
ACH-000957	TSPAN8	7103	-0.236510121245	COAD	G12D	12	2	FALSE	FALSE	8.20789285164	0.3521072129039772
ACH-000959	ATP5PD	10476	-0.200588218883	COAD	WT	WT	2	FALSE	FALSE	8.45733983453	-0.4282194697696684
ACH-000959	DCHS1	8642	0.0413557251843	COAD	WT	WT	2	FALSE	FALSE	0.226508529809	-0.3944603029510213
ACH-000959	FAF2	23197	-0.716904321665	COAD	WT	WT	2	FALSE	FALSE	5.18586654531	1.0092208231835804
ACH-000959	GBA	2629	0.110913367578	COAD	WT	WT	2	FALSE	FALSE	4.38266725275	-0.816326357244502
ACH-000959	KNTC1	9735	-0.654981459655	COAD	WT	WT	2	FALSE	FALSE	5.07210580048	-0.008034217398354743
ACH-000959	LIN7C	55327	-0.235068690717	COAD	WT	WT	2	FALSE	FALSE	4.3434078223	1.9053056916365116
ACH-000959	MTRF1L	54516	-0.179957897044	COAD	WT	WT	2	FALSE	FALSE	3.76871365703	0.20453991397081506
ACH-000959	NECAP2	55707	-0.184299330168	COAD	WT	WT	2	FALSE	FALSE	5.02901108666	1.2027011488248858
ACH-000959	OCEL1	79629	0.184709304629	COAD	WT	WT	2	FALSE	FALSE	3.48800077083	0.20601320555773867
ACH-000959	ORC4	5000	-0.572703802548	COAD	WT	WT	2	FALSE	FALSE	5.31795521831	0.9797851958758735
ACH-000959	PAX6	5080	0.0129670994874	COAD	WT	WT	2	FALSE	TRUE	0.59454854955	-0.5244445607412553
ACH-000959	PRMT7	54496	-0.193133023031	COAD	WT	WT	2	FALSE	FALSE	5.40053792958	0.18330621162798616
ACH-000959	PSMB7	5695	-0.733180893444	COAD	WT	WT	2	FALSE	FALSE	7.69501944236	-0.36591594326860133
ACH-000959	RNASE6	6039	0.238368521818	COAD	WT	WT	2	FALSE	FALSE	0.807354922058	-0.296060860821996
ACH-000959	RPP25	54913	0.196324260872	COAD	WT	WT	2	FALSE	FALSE	3.15218341906	-0.5907277259045132
ACH-000959	SERPING1	710	-0.164707589165	COAD	WT	WT	2	FALSE	TRUE	0.0426443374085	-0.6703187754373621
ACH-000959	STARD9	57519	-0.180776196412	COAD	WT	WT	2	FALSE	FALSE	1.60880924268	0.8401014177996866
ACH-000959	THSD7A	221981	0.04664303224	COAD	WT	WT	2	FALSE	FALSE	0	-0.5687708298672233
ACH-000959	TMEM25	84866	0.0838431035979	COAD	WT	WT	2	FALSE	FALSE	0.871843648509	-0.5128841527816733
ACH-000959	TSPAN8	7103	0.0234734678799	COAD	WT	WT	2	FALSE	FALSE	7.29673270458	0.051382708542221225
ACH-000963	ATP5PD	10476	-0.330433364086	COAD	WT	WT	2	FALSE	FALSE	8.66092291396	-0.007401760038570137
ACH-000963	DCHS1	8642	-0.20304528239	COAD	WT	WT	2	FALSE	TRUE	0.464668267003	0.15446355537115267
ACH-000963	FAF2	23197	-1.03231433356	COAD	WT	WT	2	FALSE	FALSE	4.26378561389	-0.9471294452868779
ACH-000963	GBA	2629	-0.170302351946	COAD	WT	WT	2	FALSE	FALSE	4.85847839042	-0.05958177843747245
ACH-000963	KNTC1	9735	-0.553653671218	COAD	WT	WT	2	FALSE	FALSE	5.92718535783	1.1281416897529644
ACH-000963	LIN7C	55327	-0.232490193184	COAD	WT	WT	2	FALSE	FALSE	3.28688114779	-0.1938930053288878
ACH-000963	MTRF1L	54516	-0.109596375871	COAD	WT	WT	2	FALSE	FALSE	3.74953426767	0.16801186191267684
ACH-000963	NECAP2	55707	-0.20192007549	COAD	WT	WT	2	FALSE	FALSE	4.85598969731	0.519722947396555
ACH-000963	OCEL1	79629	0.141199141124	COAD	WT	WT	2	FALSE	FALSE	4.03474394932	1.1449079909183562
ACH-000963	ORC4	5000	-0.890883907511	COAD	WT	WT	2	FALSE	FALSE	4.84046323387	0.2538650799512533
ACH-000963	PAX6	5080	0.0226286961829	COAD	WT	WT	2	FALSE	TRUE	0.111031312389	-0.9415907617908503
ACH-000963	PRMT7	54496	-0.370801891919	COAD	WT	WT	2	FALSE	FALSE	5.75648960676	0.613287366132549
ACH-000963	PSMB7	5695	-0.961354015349	COAD	WT	WT	2	FALSE	FALSE	7.3535879492	-1.2393027259599734
ACH-000963	RNASE6	6039	0.185825022387	COAD	WT	WT	2	FALSE	FALSE	3.26303440583	1.6996929753409793
ACH-000963	RPP25	54913	0.119060200101	COAD	WT	WT	2	FALSE	FALSE	3.74738739965	0.014434386233435206
ACH-000963	SERPING1	710	-0.135353731389	COAD	WT	WT	2	FALSE	FALSE	0.0840642647885	-0.5556858300166392
ACH-000963	STARD9	57519	-0.122501805899	COAD	WT	WT	2	FALSE	FALSE	1.44890095115	0.6472509143722056
ACH-000963	THSD7A	221981	0.117518781649	COAD	WT	WT	2	FALSE	TRUE	0.0143552929771	-0.4944237983379453
ACH-000963	TMEM25	84866	0.16033177684	COAD	WT	WT	2	FALSE	FALSE	0.545968369105	-0.7174576308429775
ACH-000963	TSPAN8	7103	-0.263162075729	COAD	WT	WT	2	FALSE	FALSE	5.89287670006	-0.41195395353278447
ACH-000969	ATP5PD	10476	-0.406288396302	COAD	WT	WT	2	FALSE	FALSE	8.62902869758	-0.0733289045157926
ACH-000969	DCHS1	8642	0.0519925268909	COAD	WT	WT	2	FALSE	FALSE	0.0703893278914	-0.7542925553899802
ACH-000969	FAF2	23197	-0.959982801245	COAD	WT	WT	2	FALSE	FALSE	4.24564777364	-0.9856119335733626
ACH-000969	GBA	2629	0.241615914912	COAD	WT	WT	2	FALSE	FALSE	3.82984955984	-1.695544515581085
ACH-000969	KNTC1	9735	-0.302248387821	COAD	WT	WT	2	FALSE	FALSE	6.34731131637	1.686378625671921
ACH-000969	LIN7C	55327	-0.350191845422	COAD	WT	WT	2	FALSE	FALSE	3.77925972037	0.7844073849125478
ACH-000969	MTRF1L	54516	-0.123108698121	COAD	WT	WT	2	FALSE	FALSE	3.75274859141	0.17413369315050037
ACH-000969	NECAP2	55707	0.0348867664191	COAD	WT	WT	2	FALSE	FALSE	4.64038956005	-0.3313290209567229
ACH-000969	OCEL1	79629	-4.46822192694e-4	COAD	WT	WT	2	FALSE	FALSE	3.25701061821	-0.19065466026463795
ACH-000969	ORC4	5000	-0.504962333019	COAD	WT	WT	2	FALSE	FALSE	4.77610398807	0.15602119420152694
ACH-000969	PAX6	5080	-0.217639706176	COAD	WT	WT	2	FALSE	TRUE	2.85598969731	1.426574991786519
ACH-000969	PRMT7	54496	-0.233146514654	COAD	WT	WT	2	FALSE	FALSE	4.99050111136	-0.3120085060449301
ACH-000969	PSMB7	5695	-0.695271346103	COAD	WT	WT	2	FALSE	FALSE	7.74564071394	-0.23642598581970062
ACH-000969	RNASE6	6039	0.205606764794	COAD	WT	WT	2	FALSE	FALSE	0.0285691521968	-0.92898738809103
ACH-000969	RPP25	54913	0.0701553210727	COAD	WT	WT	2	FALSE	FALSE	2.70265754339	-1.0477744481247853
ACH-000969	SERPING1	710	-0.146661799351	COAD	WT	WT	2	FALSE	FALSE	0.0285691521968	-0.7092729706815202
ACH-000969	STARD9	57519	-0.272384506283	COAD	WT	WT	2	FALSE	FALSE	0.678071905113	-0.2823742361589758
ACH-000969	THSD7A	221981	0.0440184584063	COAD	WT	WT	2	FALSE	FALSE	0.0143552929771	-0.4944237983379453
ACH-000969	TMEM25	84866	0.0918677409678	COAD	WT	WT	2	FALSE	FALSE	1.5210507369	-0.10533390135695846
ACH-000969	TSPAN8	7103	0.00747656501796	COAD	WT	WT	2	FALSE	FALSE	7.75695655233	0.20327761851677395
ACH-000986	ATP5PD	10476	-0.139873570584	COAD	WT	WT	2	FALSE	FALSE	8.69606338585	0.06523557770591616
ACH-000986	DCHS1	8642	0.0636571966144	COAD	WT	WT	2	FALSE	TRUE	0.0840642647885	-0.7227737973819726
ACH-000986	FAF2	23197	-0.773501213701	COAD	WT	WT	2	FALSE	FALSE	4.07724299893	-1.3429110761857694
ACH-000986	GBA	2629	0.125770109793	COAD	WT	WT	2	FALSE	FALSE	4.69153416492	-0.32509497812613247
ACH-000986	KNTC1	9735	-0.636945801112	COAD	WT	WT	2	FALSE	FALSE	5.52356195606	0.5918323127930578
ACH-000986	LIN7C	55327	-0.375730265791	COAD	WT	WT	2	FALSE	FALSE	3.69265037004	0.6123244269104925
ACH-000986	MTRF1L	54516	-0.181641285402	COAD	WT	WT	2	FALSE	FALSE	3.56559717585	-0.1823050089380797
ACH-000986	NECAP2	55707	-0.212033938702	COAD	WT	WT	2	FALSE	FALSE	4.46662712004	-1.0172324182168273
ACH-000986	OCEL1	79629	0.102963814286	COAD	WT	WT	2	FALSE	FALSE	3.4502214959	0.14113674139325613
ACH-000986	ORC4	5000	-0.668129262859	COAD	WT	WT	2	FALSE	FALSE	5.50112063428	1.2582473781264574
ACH-000986	PAX6	5080	-0.172633306636	COAD	WT	WT	2	FALSE	FALSE	1.54101915313	0.29210671467284005
ACH-000986	PRMT7	54496	-0.628886282142	COAD	WT	WT	2	FALSE	FALSE	5.10181813423	-0.17754019172526186
ACH-000986	PSMB7	5695	-0.874291774229	COAD	WT	WT	2	FALSE	FALSE	7.50167798218	-0.8604862428757624
ACH-000986	RNASE6	6039	0.285789578833	COAD	WT	WT	2	FALSE	FALSE	0.659924558402	-0.41587890539082983
ACH-000986	RPP25	54913	0.211465585545	COAD	WT	WT	2	FALSE	FALSE	3.92124588859	0.1912016354641106
ACH-000986	SERPING1	710	-0.030064107429	COAD	WT	WT	2	FALSE	TRUE	0.0143552929771	-0.7486109572791615
ACH-000986	STARD9	57519	-0.21765275086	COAD	WT	WT	2	FALSE	TRUE	0.18903382439	-0.8721575373266084
ACH-000986	THSD7A	221981	0.262905833015	COAD	WT	WT	2	FALSE	TRUE	0.0426443374085	-0.3479129272864427
ACH-000986	TMEM25	84866	0.279172159545	COAD	WT	WT	2	FALSE	FALSE	1.16349873228	-0.329792956080847
ACH-000986	TSPAN8	7103	-0.0203527601037	COAD	WT	WT	2	FALSE	FALSE	10.4718783966	1.0993259461717768
ACH-001061	ATP5PD	10476	-0.387375658651	COAD	WT	WT	2	FALSE	FALSE	9.11517373402	0.9315603102686999
ACH-001061	DCHS1	8642	0.0626954123111	COAD	WT	WT	2	FALSE	FALSE	0.150559676575	-0.5695114599750646
ACH-001061	FAF2	23197	-1.13540050013	COAD	WT	WT	2	FALSE	FALSE	4.93593113975	0.47894069146609625
ACH-001061	GBA	2629	0.113231810859	COAD	WT	WT	2	FALSE	FALSE	4.72191944555	-0.27676929893988733
ACH-001061	KNTC1	9735	-0.24291681539	COAD	WT	WT	2	FALSE	FALSE	4.80838505066	-0.3584497542753745
ACH-001061	LIN7C	55327	-0.24696964316	COAD	WT	WT	2	FALSE	FALSE	3.97911075502	1.1814887285700915
ACH-001061	MTRF1L	54516	-0.487889312772	COAD	WT	WT	2	FALSE	FALSE	3.496973581	-0.3130018834864027
ACH-001061	NECAP2	55707	-0.184896279466	COAD	WT	WT	2	FALSE	FALSE	4.68257329735	-0.16481450423186098
ACH-001061	OCEL1	79629	0.033346771329	COAD	WT	WT	2	FALSE	FALSE	3.82680268429	0.7878208299277815
ACH-001061	ORC4	5000	-0.462979555458	COAD	WT	WT	2	FALSE	FALSE	5.24336442569	0.8663865240863927
ACH-001061	PAX6	5080	-0.102850711246	COAD	WT	WT	2	FALSE	FALSE	0.815575428863	-0.3337574125919441
ACH-001061	PRMT7	54496	-0.130963282491	COAD	WT	WT	2	FALSE	FALSE	5.09592442	-0.18465965824670727
ACH-001061	PSMB7	5695	-0.761989284172	COAD	WT	WT	2	FALSE	FALSE	8.2446968178	1.0401668700376856
ACH-001061	RNASE6	6039	0.266632088914	COAD	WT	WT	2	FALSE	FALSE	0	-0.9522058070538775
ACH-001061	RPP25	54913	0.321400664678	COAD	WT	WT	2	FALSE	FALSE	0.807354922058	-2.974786657164325
ACH-001061	SERPING1	710	-0.0948160661658	COAD	WT	WT	2	FALSE	FALSE	0.310340120612	0.0705506090932803
ACH-001061	STARD9	57519	-0.200327891729	COAD	WT	WT	2	FALSE	FALSE	0.367371065649	-0.6570815933114477
ACH-001061	THSD7A	221981	0.0777278240288	COAD	WT	WT	2	FALSE	FALSE	0	-0.5687708298672233
ACH-001061	TMEM25	84866	0.200139124667	COAD	WT	WT	2	FALSE	FALSE	2.08065766335	0.24596839902142278
ACH-001061	TSPAN8	7103	-0.0180374370804	COAD	WT	WT	2	FALSE	FALSE	7.24887634284	0.03558792130173986
ACH-001345	ATP5PD	10476	-0.163724483011	COAD	G12D	12	2	FALSE	FALSE	9.51755129094	1.7632974193858162
ACH-001345	DCHS1	8642	-0.304698231798	COAD	G12D	12	2	FALSE	TRUE	0.0840642647885	-0.7227737973819726
ACH-001345	FAF2	23197	-0.663435615982	COAD	G12D	12	2	FALSE	FALSE	5.07339181605	0.770586708448031
ACH-001345	GBA	2629	0.269934054957	COAD	G12D	12	2	FALSE	FALSE	4.48928602263	-0.646756606311681
ACH-001345	KNTC1	9735	-0.329111741473	COAD	G12D	12	2	FALSE	FALSE	4.58014548442	-0.6617201271798819
ACH-001345	LIN7C	55327	-0.276223593326	COAD	G12D	12	2	FALSE	FALSE	4.06350294231	1.3491664350278023
ACH-001345	MTRF1L	54516	-0.320449067795	COAD	G12D	12	2	FALSE	FALSE	3.81762325751	0.2976905559929329
ACH-001345	NECAP2	55707	-0.289537508054	COAD	G12D	12	2	FALSE	FALSE	4.74577514949	0.08466613780713098
ACH-001345	OCEL1	79629	0.275109066901	COAD	G12D	12	2	FALSE	FALSE	3.4659744645	0.16818852851081562
ACH-001345	ORC4	5000	-0.21352893463	COAD	G12D	12	2	FALSE	FALSE	5.09465834265	0.6403120755996916
ACH-001345	PAX6	5080	-0.228041033633	COAD	G12D	12	2	FALSE	TRUE	0.0143552929771	-1.0249963389468157
ACH-001345	PRMT7	54496	-0.617490625986	COAD	G12D	12	2	FALSE	FALSE	4.87332106291	-0.4535592157272243
ACH-001345	PSMB7	5695	-0.683768480051	COAD	G12D	12	2	FALSE	FALSE	8.23333206769	1.011095672056507
ACH-001345	RNASE6	6039	0.294081110958	COAD	G12D	12	2	FALSE	FALSE	1.69599381311	0.4261443322826365
ACH-001345	RPP25	54913	-0.0863802412617	COAD	G12D	12	2	FALSE	FALSE	2.81147103053	-0.9371404438940613
ACH-001345	SERPING1	710	-0.382317602066	COAD	G12D	12	2	FALSE	FALSE	0.17632277264	-0.30035306716285887
ACH-001345	STARD9	57519	-0.0349001392269	COAD	G12D	12	2	FALSE	FALSE	0.659924558402	-0.30426006156304997
ACH-001345	THSD7A	221981	0.375486987141	COAD	G12D	12	2	FALSE	FALSE	0	-0.5687708298672233
ACH-001345	TMEM25	84866	0.280686743999	COAD	G12D	12	2	FALSE	FALSE	3.97452931248	1.4348769623613962
ACH-001345	TSPAN8	7103	-0.104396371564	COAD	G12D	12	2	FALSE	FALSE	8.20417985186	0.3508817532280475
ACH-001454	ATP5PD	10476	-0.346005735153	COAD	WT	WT	2	FALSE	FALSE	9.63897885888	2.0142950523020513
ACH-001454	DCHS1	8642	-0.047187165894	COAD	WT	WT	2	FALSE	FALSE	0.0143552929771	-0.8834429273416498
ACH-001454	FAF2	23197	-0.850418627153	COAD	WT	WT	2	FALSE	FALSE	4.78398041368	0.15655158915212375
ACH-001454	GBA	2629	0.473971096977	COAD	WT	WT	2	FALSE	FALSE	4.8160876586	-0.12700129420067072
ACH-001454	KNTC1	9735	-0.525686953698	COAD	WT	WT	2	FALSE	FALSE	4.93922657773	-0.18459576673235037
ACH-001454	LIN7C	55327	-0.256220231599	COAD	WT	WT	2	FALSE	FALSE	3.81659970653	0.8585977032290556
ACH-001454	MTRF1L	54516	-0.525433556225	COAD	WT	WT	2	FALSE	FALSE	3.14241343787	-0.9882784067840938
ACH-001454	NECAP2	55707	-0.380618186049	COAD	WT	WT	2	FALSE	FALSE	5.03606368874	1.230540328143024
ACH-001454	OCEL1	79629	0.164687235362	COAD	WT	WT	2	FALSE	FALSE	4.37503943135	1.7292804460848696
ACH-001454	ORC4	5000	-0.527300517308	COAD	WT	WT	2	FALSE	FALSE	3.79908730607	-1.3293148662341614
ACH-001454	PAX6	5080	-0.141972457787	COAD	WT	WT	2	FALSE	FALSE	0.0143552929771	-1.0249963389468157
ACH-001454	PRMT7	54496	-0.249156791733	COAD	WT	WT	2	FALSE	FALSE	4.34269695998	-1.0945405033934505
ACH-001454	PSMB7	5695	-0.537777490239	COAD	WT	WT	2	FALSE	FALSE	8.73859897216	2.303575847248446
ACH-001454	RNASE6	6039	0.658715767878	COAD	WT	WT	2	FALSE	FALSE	4.10181813423	2.3813804083825496
ACH-001454	RPP25	54913	0.292458586556	COAD	WT	WT	2	FALSE	FALSE	2.60880924268	-1.1431928890799752
ACH-001454	SERPING1	710	0.0277064289475	COAD	WT	WT	2	FALSE	FALSE	0.545968369105	0.7226705392243268
ACH-001454	STARD9	57519	-0.111096414729	COAD	WT	WT	2	FALSE	FALSE	0.111031312389	-0.9662291052488935
ACH-001454	THSD7A	221981	0.0909467514109	COAD	WT	WT	2	FALSE	FALSE	0.263034405834	0.7935021167749199
ACH-001454	TMEM25	84866	-0.00108763735212	COAD	WT	WT	2	FALSE	FALSE	5.08108392869	2.1295345225079876
ACH-001454	TSPAN8	7103	0.00703701915176	COAD	WT	WT	2	FALSE	FALSE	3.2372577709	-1.2884296080290618
ACH-001458	ATP5PD	10476	-0.32229118657	COAD	WT	WT	2	FALSE	FALSE	9.40179683517	1.5240264293571477
ACH-001458	DCHS1	8642	-0.0236687463224	COAD	WT	WT	2	FALSE	FALSE	0.0143552929771	-0.8834429273416498
ACH-001458	FAF2	23197	-1.03655101301	COAD	WT	WT	2	FALSE	FALSE	4.07296327156	-1.3519912398720375
ACH-001458	GBA	2629	0.187186882526	COAD	WT	WT	2	FALSE	FALSE	3.82883464947	-1.6971586600591513
ACH-001458	KNTC1	9735	-0.498993969111	COAD	WT	WT	2	FALSE	FALSE	4.13832300406	-1.2487860359692273
ACH-001458	LIN7C	55327	-0.154385722561	COAD	WT	WT	2	FALSE	FALSE	2.95791459863	-0.8475122352098083
ACH-001458	MTRF1L	54516	-0.475792657016	COAD	WT	WT	2	FALSE	FALSE	3.23419472295	-0.8134766184457689
ACH-001458	NECAP2	55707	-0.381004502048	COAD	WT	WT	2	FALSE	FALSE	4.06004738367	-2.6221501577309114
ACH-001458	OCEL1	79629	0.0630454431491	COAD	WT	WT	2	FALSE	FALSE	4.14649230698	1.3368078708022821
ACH-001458	ORC4	5000	-0.390333160255	COAD	WT	WT	2	FALSE	FALSE	4.14649230698	-0.8011630087131495
ACH-001458	PAX6	5080	0.0459851308896	COAD	WT	WT	2	FALSE	FALSE	1.07724299893	-0.10800820573381885
ACH-001458	PRMT7	54496	-0.151963098637	COAD	WT	WT	2	FALSE	FALSE	3.48928602263	-2.1254406048221393
ACH-001458	PSMB7	5695	-0.94421709802	COAD	WT	WT	2	FALSE	FALSE	7.48984796044	-0.8907476125316258
ACH-001458	RNASE6	6039	0.347205895882	COAD	WT	WT	2	FALSE	FALSE	0.895302621333	-0.2245849376122692
ACH-001458	RPP25	54913	0.283065178788	COAD	WT	WT	2	FALSE	FALSE	4.92931759491	1.2161390063103261
ACH-001458	SERPING1	710	-0.0364475329467	COAD	WT	WT	2	FALSE	FALSE	0.0976107966264	-0.5181947250572447
ACH-001458	STARD9	57519	-0.198412054158	COAD	WT	WT	2	FALSE	FALSE	0.0426443374085	-1.0487042691486823
ACH-001458	THSD7A	221981	0.288389053268	COAD	WT	WT	2	FALSE	FALSE	0.0143552929771	-0.4944237983379453
ACH-001458	TMEM25	84866	0.198404466391	COAD	WT	WT	2	FALSE	FALSE	0.0565835283664	-1.0246768809913027
ACH-001458	TSPAN8	7103	0.0844108300117	COAD	WT	WT	2	FALSE	FALSE	9.61851398083	0.8176766754036895
ACH-001461	ATP5PD	10476	-0.414317851699	COAD	WT	WT	2	FALSE	FALSE	9.20114373205	1.1092651459449394
ACH-001461	DCHS1	8642	-0.105864015411	COAD	WT	WT	2	FALSE	FALSE	0.17632277264	-0.5101312378563072
ACH-001461	FAF2	23197	-0.877902736196	COAD	WT	WT	2	FALSE	FALSE	3.69710657448	-2.1494346368486004
ACH-001461	GBA	2629	0.208125394937	COAD	WT	WT	2	FALSE	FALSE	4.19455988602	-1.115498063698586
ACH-001461	KNTC1	9735	-0.328240894281	COAD	WT	WT	2	FALSE	FALSE	3.58976348698	-1.9776774023777763
ACH-001461	LIN7C	55327	-0.131814524094	COAD	WT	WT	2	FALSE	FALSE	2.67807190511	-1.40352793435429
ACH-001461	MTRF1L	54516	-0.112681387286	COAD	WT	WT	2	FALSE	FALSE	2.50842865253	-2.195732346442109
ACH-001461	OCEL1	79629	0.167985063322	COAD	WT	WT	2	FALSE	FALSE	3.43028527298	0.10690126031954512
ACH-001461	ORC4	5000	-0.669732993947	COAD	WT	WT	2	FALSE	FALSE	2.68257329735	-3.026725514063226
ACH-001461	PAX6	5080	0.120711098596	COAD	WT	WT	2	FALSE	FALSE	0.650764559117	-0.475945162939573
ACH-001461	PRMT7	54496	-0.217870688067	COAD	WT	WT	2	FALSE	FALSE	3.51475349844	-2.094676500160923
ACH-001461	PSMB7	5695	-0.970072766899	COAD	WT	WT	2	FALSE	FALSE	8.0588035178	0.5646490737493413
ACH-001461	RNASE6	6039	0.306394086374	COAD	WT	WT	2	FALSE	FALSE	3.24792751344	1.6874154616674388
ACH-001461	SERPING1	710	-8.13937804823e-4	COAD	WT	WT	2	FALSE	FALSE	0.163498732283	-0.33584461944952365
ACH-001461	STARD9	57519	-0.0206588927382	COAD	WT	WT	2	FALSE	FALSE	0.0426443374085	-1.0487042691486823
ACH-001461	THSD7A	221981	0.0561619298258	COAD	WT	WT	2	FALSE	FALSE	0	-0.5687708298672233
ACH-001461	TMEM25	84866	0.127271889964	COAD	WT	WT	2	FALSE	FALSE	0.0703893278914	-1.0160100670144592
ACH-001461	TSPAN8	7103	-0.211154747211	COAD	WT	WT	2	FALSE	FALSE	9.24376903196	0.6939937099287063
