cancer	kras_allele	lower_ci	upper_ci	expected_allele_frequency	expected_allele_frequency_lower25	expected_allele_frequency_lower75	observed_allele_frequency	chi_squared_stat	chi_squared_p_value	chi_squared_adj_p_value
COAD	Q61E	0.113	0.134	0.124	0.000	0.169	0.021	6.108	0.013	0.040
COAD	Q61H	0.403	0.433	0.418	0.212	0.632	0.344	0.817	0.366	0.549
COAD	Q61K	0.197	0.225	0.211	0.000	0.315	0.240	0.088	0.766	0.766
COAD	Q61L	0.034	0.046	0.040	0.000	0.028	0.198	9.924	0.002	0.010
COAD	Q61P	0.056	0.069	0.062	0.000	0.083	0.021	1.127	0.289	0.549
COAD	Q61R	0.135	0.157	0.146	0.000	0.245	0.177	0.156	0.693	0.766
LUAD	Q61E	0.232	0.262	0.247	0.102	0.335	NA	20.830	0.000	0.000
LUAD	Q61H	0.256	0.281	0.268	0.148	0.371	0.670	27.322	0.000	0.000
LUAD	Q61K	0.280	0.301	0.290	0.188	0.384	0.033	20.675	0.000	0.000
LUAD	Q61L	0.070	0.083	0.077	0.000	0.106	0.253	8.886	0.003	0.004
LUAD	Q61P	0.039	0.050	0.045	0.000	0.059	NA	0.894	0.344	0.364
LUAD	Q61R	0.066	0.081	0.073	0.000	0.098	0.033	0.823	0.364	0.364
MM	Q61E	0.144	0.165	0.154	0.000	0.215	0.017	12.481	0.000	0.001
MM	Q61H	0.397	0.427	0.412	0.253	0.585	0.735	22.927	0.000	0.000
MM	Q61K	0.141	0.160	0.151	0.000	0.209	0.017	12.034	0.001	0.001
MM	Q61L	0.064	0.079	0.071	0.000	0.111	0.103	0.359	0.549	0.659
MM	Q61P	0.074	0.088	0.081	0.000	0.125	NA	5.637	0.018	0.026
MM	Q61R	0.122	0.142	0.132	0.000	0.193	0.128	0.000	1.000	1.000
PAAD	Q61E	0.148	0.175	0.161	0.000	0.211	NA	18.586	0.000	0.000
PAAD	Q61H	0.356	0.392	0.374	0.000	0.564	0.709	29.001	0.000	0.000
PAAD	Q61K	0.240	0.275	0.257	0.000	0.315	0.037	24.065	0.000	0.000
PAAD	Q61L	0.037	0.051	0.044	0.000	0.046	0.052	0.001	0.970	0.970
PAAD	Q61P	0.054	0.072	0.063	0.000	0.063	NA	4.568	0.033	0.049
PAAD	Q61R	0.090	0.114	0.101	0.000	0.094	0.187	3.321	0.068	0.082
