cancer	ras_allele	description	contribution
COAD	G12A	1	10.752420454667634
COAD	G12A	2	0
COAD	G12A	3	0
COAD	G12A	4	0
COAD	G12A	5	2.5865486924764545
COAD	G12A	8	1.5316030541682
COAD	G12A	9	0
COAD	G12A	10	0
COAD	G12A	13	0
COAD	G12A	17	0.833125289337302
COAD	G12A	18	1.171997258467451
COAD	G12A	30	0
COAD	G12A	N	0.8285507879122699
COAD	G12A	UV	0
COAD	G12A	MSI	0
COAD	G12C	1	22.547001866304406
COAD	G12C	2	0
COAD	G12C	3	0
COAD	G12C	4	0
COAD	G12C	5	4.099250743080487
COAD	G12C	8	2.370870788658564
COAD	G12C	9	0
COAD	G12C	10	0
COAD	G12C	13	0
COAD	G12C	17	1.1692796467000286
COAD	G12C	18	3.2390906404118565
COAD	G12C	30	0.15832169000559282
COAD	G12C	N	1.010211455791241
COAD	G12C	UV	0
COAD	G12C	MSI	0
COAD	G12D	1	71.98657758990345
COAD	G12D	2	0
COAD	G12D	3	0
COAD	G12D	4	0
COAD	G12D	5	17.029283787382003
COAD	G12D	8	3.647912451414503
COAD	G12D	9	0
COAD	G12D	10	0
COAD	G12D	13	0
COAD	G12D	17	5.164671038939769
COAD	G12D	18	8.717824920955106
COAD	G12D	30	0.7164864072865166
COAD	G12D	N	7.116225294043111
COAD	G12D	UV	0
COAD	G12D	MSI	2.8382972805272053
COAD	G12S	1	10.94650716446529
COAD	G12S	2	0
COAD	G12S	3	0
COAD	G12S	4	0
COAD	G12S	5	0.780581468817227
COAD	G12S	8	1.1189959782720689
COAD	G12S	9	0
COAD	G12S	10	0
COAD	G12S	13	0
COAD	G12S	17	0.7648733600405111
COAD	G12S	18	1.2824914842967747
COAD	G12S	30	0
COAD	G12S	N	0.5780428717864483
COAD	G12S	UV	0
COAD	G12S	MSI	0
COAD	G12V	1	55.529842858644486
COAD	G12V	2	0
COAD	G12V	3	0
COAD	G12V	4	0
COAD	G12V	5	10.321114764996821
COAD	G12V	8	8.922547101110428
COAD	G12V	9	0
COAD	G12V	10	0
COAD	G12V	13	0
COAD	G12V	17	4.396896566171767
COAD	G12V	18	5.43637729584369
COAD	G12V	30	1.1172092379057164
COAD	G12V	N	4.68616917589637
COAD	G12V	UV	0
COAD	G12V	MSI	0
COAD	G13D	1	53.942678294215995
COAD	G13D	2	0
COAD	G13D	3	0
COAD	G13D	4	0
COAD	G13D	5	12.463027197398448
COAD	G13D	8	2.510862992760805
COAD	G13D	9	0
COAD	G13D	10	0
COAD	G13D	13	0
COAD	G13D	17	3.271080930005368
COAD	G13D	18	3.9068511216103907
COAD	G13D	30	1.1561493169929278
COAD	G13D	N	3.4760964690118508
COAD	G13D	UV	0
COAD	G13D	MSI	3.929824561403509
COAD	A146T	1	12.366363391172849
COAD	A146T	2	0
COAD	A146T	3	0
COAD	A146T	4	0
COAD	A146T	5	2.1740752896826887
COAD	A146T	8	0
COAD	A146T	9	0
COAD	A146T	10	0
COAD	A146T	13	0
COAD	A146T	17	0.47779560680993555
COAD	A146T	18	1.5194785048789152
COAD	A146T	30	0.2638044782934998
COAD	A146T	N	1.2675184176440593
COAD	A146T	UV	0
COAD	A146T	MSI	0
LUAD	G12A	1	0.8562035080980731
LUAD	G12A	2	0.7016142791044073
LUAD	G12A	3	0
LUAD	G12A	4	7.669701846547255
LUAD	G12A	5	3.687503325262635
LUAD	G12A	8	2.0261199266693763
LUAD	G12A	9	0
LUAD	G12A	10	0
LUAD	G12A	13	0.5176696204112732
LUAD	G12A	17	0.13414634146341464
LUAD	G12A	18	1.1961721028096803
LUAD	G12A	30	0
LUAD	G12A	N	0
LUAD	G12A	UV	0
LUAD	G12A	MSI	0
LUAD	G12C	1	2.676412130210947
LUAD	G12C	2	4.172587869683566
LUAD	G12C	3	0
LUAD	G12C	4	34.67704531435286
LUAD	G12C	5	25.53960885047408
LUAD	G12C	8	10.584347778759232
LUAD	G12C	9	0
LUAD	G12C	10	0
LUAD	G12C	13	3.2467635053597
LUAD	G12C	17	0.19793459552495696
LUAD	G12C	18	4.138773895590387
LUAD	G12C	30	0
LUAD	G12C	N	0
LUAD	G12C	UV	0
LUAD	G12C	MSI	0
LUAD	G12D	1	3.1024272263337167
LUAD	G12D	2	1.5244732641121974
LUAD	G12D	3	0
LUAD	G12D	4	5.996032303982401
LUAD	G12D	5	9.390087194308485
LUAD	G12D	8	2.0922605523356474
LUAD	G12D	9	0
LUAD	G12D	10	0
LUAD	G12D	13	1.5736690905437982
LUAD	G12D	17	0.264171511627907
LUAD	G12D	18	0.906029450958189
LUAD	G12D	30	0
LUAD	G12D	N	0
LUAD	G12D	UV	0
LUAD	G12D	MSI	0
LUAD	G12V	1	2.0506042307648458
LUAD	G12V	2	2.172379521141653
LUAD	G12V	3	0
LUAD	G12V	4	19.70428313152242
LUAD	G12V	5	10.333334539924259
LUAD	G12V	8	5.750052026231481
LUAD	G12V	9	0
LUAD	G12V	10	0
LUAD	G12V	13	1.3595564660639197
LUAD	G12V	17	0
LUAD	G12V	18	0.8589581561657846
LUAD	G12V	30	0
LUAD	G12V	N	0
LUAD	G12V	UV	0
LUAD	G12V	MSI	0.9658607877136487
MM	G12A	1	1.5479652144545761
MM	G12A	2	5.021466806002744
MM	G12A	3	0
MM	G12A	4	0
MM	G12A	5	6.500229653230323
MM	G12A	8	0
MM	G12A	9	2.797010017599664
MM	G12A	10	0
MM	G12A	13	0.1333283087126922
MM	G12A	17	0
MM	G12A	18	0
MM	G12A	30	0
MM	G12A	N	0
MM	G12A	UV	0
MM	G12A	MSI	0
MM	G12D	1	2.053461626405902
MM	G12D	2	3.3349442277816572
MM	G12D	3	0
MM	G12D	4	0
MM	G12D	5	21.37741377715583
MM	G12D	8	0.7329199866252507
MM	G12D	9	3.6096283558170565
MM	G12D	10	0
MM	G12D	13	0.8916320262143053
MM	G12D	17	0
MM	G12D	18	0
MM	G12D	30	0
MM	G12D	N	0
MM	G12D	UV	0
MM	G12D	MSI	0
MM	G12V	1	0.31128358872156886
MM	G12V	2	0.8157364412697276
MM	G12V	3	0
MM	G12V	4	0
MM	G12V	5	13.332499912243016
MM	G12V	8	0.9456221181846256
MM	G12V	9	2.594857939581063
MM	G12V	10	0
MM	G12V	13	0
MM	G12V	17	0
MM	G12V	18	0
MM	G12V	30	0
MM	G12V	N	0
MM	G12V	UV	0
MM	G12V	MSI	0
MM	G13D	1	5.442214097278102
MM	G13D	2	1.4294715867054206
MM	G13D	3	0
MM	G13D	4	0
MM	G13D	5	22.379221822798787
MM	G13D	8	0.13793103448275862
MM	G13D	9	4.306584846345461
MM	G13D	10	0
MM	G13D	13	0.30457661238947076
MM	G13D	17	0
MM	G13D	18	0
MM	G13D	30	0
MM	G13D	N	0
MM	G13D	UV	0
MM	G13D	MSI	0
MM	Q61H	1	8.97474884631994
MM	Q61H	2	4.471660061011006
MM	Q61H	3	0
MM	Q61H	4	0
MM	Q61H	5	49.138451835762346
MM	Q61H	8	0.7571796609520642
MM	Q61H	9	16.887763772605265
MM	Q61H	10	0
MM	Q61H	13	0.7701958233493772
MM	Q61H	17	0
MM	Q61H	18	0
MM	Q61H	30	0
MM	Q61H	N	0
MM	Q61H	UV	0
MM	Q61H	MSI	0
PAAD	G12C	1	10.031341423278006
PAAD	G12C	2	0.49592680631038044
PAAD	G12C	3	0
PAAD	G12C	4	0
PAAD	G12C	5	2.160993799229093
PAAD	G12C	8	0.5338989441930618
PAAD	G12C	9	0
PAAD	G12C	10	0
PAAD	G12C	13	0
PAAD	G12C	17	0.7166388472592765
PAAD	G12C	18	2.010353002551017
PAAD	G12C	30	0
PAAD	G12C	N	0
PAAD	G12C	UV	0
PAAD	G12C	MSI	0.05084717717916473
PAAD	G12D	1	233.2056286455456
PAAD	G12D	2	19.230446951540625
PAAD	G12D	3	3.9626626006842467
PAAD	G12D	4	0
PAAD	G12D	5	98.60173687123498
PAAD	G12D	8	40.6090218502653
PAAD	G12D	9	0
PAAD	G12D	10	0
PAAD	G12D	13	10.103706691907878
PAAD	G12D	17	11.075785375914144
PAAD	G12D	18	18.886011012907225
PAAD	G12D	30	0
PAAD	G12D	N	0
PAAD	G12D	UV	0
PAAD	G12D	MSI	0.325
PAAD	G12R	1	107.90747469153578
PAAD	G12R	2	9.37764413002319
PAAD	G12R	3	1.1131482892440514
PAAD	G12R	4	0
PAAD	G12R	5	41.74295917208562
PAAD	G12R	8	20.99480056270904
PAAD	G12R	9	0
PAAD	G12R	10	0
PAAD	G12R	13	3.5692593901217387
PAAD	G12R	17	5.720703631275442
PAAD	G12R	18	2.9970870560820617
PAAD	G12R	30	0
PAAD	G12R	N	0
PAAD	G12R	UV	0
PAAD	G12R	MSI	0.576923076923077
PAAD	G12V	1	199.14295049693553
PAAD	G12V	2	16.04066746332557
PAAD	G12V	3	3.721873175945163
PAAD	G12V	4	0
PAAD	G12V	5	74.54094268045837
PAAD	G12V	8	45.80998918506064
PAAD	G12V	9	0
PAAD	G12V	10	0
PAAD	G12V	13	6.912906753834647
PAAD	G12V	17	6.04891360550054
PAAD	G12V	18	7.878172307441048
PAAD	G12V	30	0.39677160988232396
PAAD	G12V	N	0
PAAD	G12V	UV	0
PAAD	G12V	MSI	0.5068127216161584
PAAD	Q61H	1	24.37228746308886
PAAD	Q61H	2	2.3418321919136558
PAAD	Q61H	3	0.41467878219260784
PAAD	Q61H	4	0
PAAD	Q61H	5	11.970186686387384
PAAD	Q61H	8	5.391383790859264
PAAD	Q61H	9	0
PAAD	Q61H	10	0
PAAD	Q61H	13	0.8047573189379044
PAAD	Q61H	17	3.2587752055689885
PAAD	Q61H	18	1.4460985610513353
PAAD	Q61H	30	0
PAAD	Q61H	N	0
PAAD	Q61H	UV	0
PAAD	Q61H	MSI	0
