cancer	kras_allele	ras_allele_count	real_kras_allele_frequency	avg_kras_allele_prob	sem_kras_allele_prob	num_cancer_samples	estimate	statistic	p_value	parameter	conf_low	conf_high	method	alternative
COAD	A146T	30	0.05859375	0.10896835776665206	0.0029966786151394754	512	0.05859375	30	1.1744253616210388e-4	512	0.03987841979893667	0.08259239428705278	Exact binomial test	two.sided
COAD	A146V	5	0.009765625	0.08469293763781453	0.002683528186536098	512	0.009765625	5	7.369789644743884e-14	512	0.0031782607998062616	0.022641620687227082	Exact binomial test	two.sided
COAD	G12A	19	0.037109375	0.03141420804136961	0.0015064050284833027	512	0.037109375	19	0.44548570200538834	512	0.02248745162331636	0.05734588681372432	Exact binomial test	two.sided
COAD	G12C	38	0.07421875	0.050225166075644784	0.0015424294677717856	512	0.07421875	38	0.01923090305421895	512	0.053054034174592125	0.10045003477589487	Exact binomial test	two.sided
COAD	G12D	150	0.29296875	0.1217335545375893	0.0033560275148167553	512	0.29296875	150	4.786074033306047e-25	512	0.25386289405812085	0.3344842869575605	Exact binomial test	two.sided
COAD	G12R	5	0.009765625	0.01709762422787237	0.0011702548180246436	512	0.009765625	5	0.3013042061959089	512	0.0031782607998062616	0.022641620687227082	Exact binomial test	two.sided
COAD	G12S	20	0.0390625	0.07382648920879027	0.0022646883555281325	512	0.0390625	20	0.0016665410307079255	512	0.024020809593503674	0.05968598191731189	Exact binomial test	two.sided
COAD	G12V	100	0.1953125	0.07590610701826998	0.0025748032461799185	512	0.1953125	100	3.4269340453106795e-18	512	0.16183882163060814	0.2323486328694232	Exact binomial test	two.sided
COAD	G13C	4	0.0078125	0.050225166075644784	0.0015424294677717856	512	0.0078125	4	1.5185325592385376e-7	512	0.002132626840593872	0.019881459971452187	Exact binomial test	two.sided
COAD	G13D	106	0.20703125	0.1527353563289094	0.0037292963951114986	512	0.20703125	106	0.0010901427837691452	512	0.1727351990731974	0.24475015000335376	Exact binomial test	two.sided
COAD	K117N	8	0.015625	0.05320892942443708	0.0020600560891152536	512	0.015625	8	1.885794109724383e-5	512	0.006769276942972372	0.030554414950524578	Exact binomial test	two.sided
COAD	Q61H	8	0.015625	0.0736545800247946	0.0024138286275018892	512	0.015625	8	4.689527022600205e-9	512	0.006769276942972372	0.030554414950524578	Exact binomial test	two.sided
COAD	Q61K	7	0.013671875	0.06317103378507889	0.00228124083465063	512	0.013671875	7	8.482851499770466e-8	512	0.00551399998131654	0.027965446339922817	Exact binomial test	two.sided
COAD	Q61L	5	0.009765625	0.013337152386457765	9.498038706206872e-4	512	0.009765625	5	0.6970789295775721	512	0.0031782607998062616	0.022641620687227082	Exact binomial test	two.sided
COAD	Q61R	3	0.005859375	0.029803337460674567	0.0015231156073606499	512	0.005859375	3	3.5182132326556047e-4	512	0.0012099778257548663	0.01702737511683894	Exact binomial test	two.sided
LUAD	G12A	19	0.0892018779342723	0.03112136154123571	0.0017648859366362491	213	0.0892018779342723	19	4.5414015572525815e-5	213	0.054561575319409264	0.13579406263948435	Exact binomial test	two.sided
LUAD	G12C	93	0.43661971830985913	0.12832959212667971	0.00255562971386862	213	0.43661971830985913	93	1.3231000437196167e-28	213	0.3689667044296206	0.5060617844355491	Exact binomial test	two.sided
LUAD	G12D	26	0.12206572769953052	0.05972668121407914	0.002256067516318364	213	0.12206572769953052	26	6.721839062655969e-4	213	0.08130886075197348	0.17372046692655052	Exact binomial test	two.sided
LUAD	G12S	6	0.028169014084507043	0.0783268416848455	0.0019375036476681718	213	0.028169014084507043	6	0.003214706467635306	213	0.010406234397932285	0.06030074576999889	Exact binomial test	two.sided
LUAD	G12V	48	0.22535211267605634	0.11270734508745629	0.002495739583578646	213	0.22535211267605634	48	3.391096842717694e-6	213	0.17107785064991463	0.28744023357907456	Exact binomial test	two.sided
LUAD	G13C	10	0.046948356807511735	0.12832959212667971	0.00255562971386862	213	0.046948356807511735	10	1.2533841016985046e-4	213	0.02274005785803505	0.08464294273417461	Exact binomial test	two.sided
LUAD	G13D	4	0.018779342723004695	0.0784377011171351	0.0029451713451877953	213	0.018779342723004695	4	2.941490294852871e-4	213	0.005139860943718458	0.04738199168387636	Exact binomial test	two.sided
LUAD	Q61H	2	0.009389671361502348	0.049865394458846066	0.0017773705738407483	213	0.009389671361502348	2	0.002457509372654521	213	0.0011391624408353244	0.033505261956264354	Exact binomial test	two.sided
LUAD	Q61K	1	0.004694835680751174	0.10036313773184617	0.0023381174598465742	213	0.004694835680751174	1	7.581358508207783e-9	213	1.1885588436269611e-4	0.025878953838187058	Exact binomial test	two.sided
LUAD	Q61L	3	0.014084507042253521	0.02485862613350119	9.955283080946673e-4	213	0.014084507042253521	3	0.5031657172716981	213	0.0029140356540961437	0.04060693899814927	Exact binomial test	two.sided
MM	A146T	6	0.022641509433962263	0.1211668460306958	0.0023126056231216217	265	0.022641509433962263	6	8.42290429906433e-9	265	0.008353317492890807	0.04862706619878243	Exact binomial test	two.sided
MM	A146V	6	0.022641509433962263	0.09981815894164457	0.0023286511050635097	265	0.022641509433962263	6	1.6201825612296496e-6	265	0.008353317492890807	0.04862706619878243	Exact binomial test	two.sided
MM	G12A	16	0.06037735849056604	0.04306891306168621	0.0015020893756797348	265	0.06037735849056604	16	0.1706443728950083	265	0.034901205594901535	0.09619899910280705	Exact binomial test	two.sided
MM	G12C	8	0.03018867924528302	0.03318336101913702	0.0011323789681894959	265	0.03018867924528302	8	1	265	0.013121623805147023	0.05861489877580006	Exact binomial test	two.sided
MM	G12D	32	0.12075471698113208	0.09102819199534144	0.00232673856086288	265	0.12075471698113208	32	0.10777702776619341	265	0.08408112941676307	0.16617631626399165	Exact binomial test	two.sided
MM	G12R	14	0.052830188679245285	0.02092817610247612	0.0010360290471131681	265	0.052830188679245285	14	0.00159439619756389	265	0.029180242699171865	0.08705219526606278	Exact binomial test	two.sided
MM	G12S	9	0.033962264150943396	0.08392823793143926	0.002048517369667892	265	0.033962264150943396	9	0.001762739394871962	265	0.01564512560978861	0.06348977548207624	Exact binomial test	two.sided
MM	G12V	19	0.07169811320754717	0.060196358843468516	0.0019648033419604315	265	0.07169811320754717	19	0.43647141657978505	265	0.043716272658412735	0.10970287180349203	Exact binomial test	two.sided
MM	G13C	2	0.007547169811320755	0.03318336101913702	0.0011323789681894959	265	0.007547169811320755	2	0.014643692522487406	265	9.153076790516543e-4	0.026995535533073323	Exact binomial test	two.sided
MM	G13D	34	0.12830188679245283	0.10406747649827629	0.002349907194043916	265	0.12830188679245283	34	0.19116630578975416	265	0.09051456167429034	0.17465082758168227	Exact binomial test	two.sided
MM	K117N	7	0.026415094339622643	0.09757699420659183	0.002315326831038592	265	0.026415094339622643	7	1.0523842781381206e-5	265	0.01068477471679568	0.053665468606764355	Exact binomial test	two.sided
MM	Q61H	81	0.30566037735849055	0.0840603969055388	0.002229193287854404	265	0.30566037735849055	81	3.522194584765728e-25	265	0.2507605080547195	0.3649688163475774	Exact binomial test	two.sided
MM	Q61K	2	0.007547169811320755	0.05804383653550695	0.002161833173147493	265	0.007547169811320755	2	3.3803129276971684e-5	265	9.153076790516543e-4	0.026995535533073323	Exact binomial test	two.sided
MM	Q61L	12	0.045283018867924525	0.02444080201351607	0.001118191704256405	265	0.045283018867924525	12	0.04217113745961086	265	0.023614157044416332	0.07776375787710121	Exact binomial test	two.sided
MM	Q61R	14	0.052830188679245285	0.04530888889554408	0.001661090558959133	265	0.052830188679245285	14	0.5524236169620163	265	0.029180242699171865	0.08705219526606278	Exact binomial test	two.sided
PAAD	A146T	1	8.583690987124463e-4	0.0819235460496237	0.002800217264092858	1165	8.583690987124463e-4	1	9.162071610277434e-42	1165	2.1731787882126276e-5	0.004773153368060608	Exact binomial test	two.sided
PAAD	G12A	5	0.004291845493562232	0.022831015836347456	0.0013307688140408685	1165	0.004291845493562232	5	6.191959589961584e-7	1165	0.0013949744537065257	0.009987098176551523	Exact binomial test	two.sided
PAAD	G12C	16	0.013733905579399141	0.044330504814746145	0.001675475294093799	1165	0.013733905579399141	16	8.30805412963524e-9	1165	0.007869943281380043	0.022207409692518	Exact binomial test	two.sided
PAAD	G12D	471	0.40429184549356223	0.13647049304894773	0.004735983498371811	1165	0.40429184549356223	471	1.7558839343698913e-112	1165	0.37595408355772136	0.43311408857178546	Exact binomial test	two.sided
PAAD	G12R	202	0.17339055793991417	0.034613819853484884	0.002704129829430109	1165	0.17339055793991417	202	1.325605028452186e-78	1165	0.1520680007786644	0.1963759308247366	Exact binomial test	two.sided
PAAD	G12S	2	0.0017167381974248926	0.07388606670021775	0.0023513683040123187	1165	0.0017167381974248926	2	1.2475862869532653e-35	1165	2.0797261944905345e-4	0.006187558359000909	Exact binomial test	two.sided
PAAD	G12V	386	0.3313304721030043	0.1375287357332965	0.004615583735446029	1165	0.3313304721030043	386	1.929740220927371e-63	1165	0.30432726953788486	0.35918819861791573	Exact binomial test	two.sided
PAAD	G13C	2	0.0017167381974248926	0.044330504814746145	0.001675475294093799	1165	0.0017167381974248926	2	3.7974993969053895e-20	1165	2.0797261944905345e-4	0.006187558359000909	Exact binomial test	two.sided
PAAD	G13D	4	0.0034334763948497852	0.08693351732736268	0.002676158300868212	1165	0.0034334763948497852	4	1.318094478472926e-39	1165	9.362747742276752e-4	0.008767537772637723	Exact binomial test	two.sided
PAAD	Q61H	52	0.04463519313304721	0.07717900378072298	0.003026127407869794	1165	0.04463519313304721	52	1.0379048559070444e-5	1165	0.03351240462570069	0.058123839279722755	Exact binomial test	two.sided
PAAD	Q61K	4	0.0034334763948497852	0.07049476284735105	0.002554536012885973	1165	0.0034334763948497852	4	4.449218764083586e-31	1165	9.362747742276752e-4	0.008767537772637723	Exact binomial test	two.sided
PAAD	Q61L	2	0.0017167381974248926	0.014738758144556306	0.0015092153300635314	1165	0.0017167381974248926	2	8.684136883706645e-6	1165	2.0797261944905345e-4	0.006187558359000909	Exact binomial test	two.sided
PAAD	Q61R	10	0.008583690987124463	0.028972818950468944	0.0017502500728548533	1165	0.008583690987124463	10	2.789891148831814e-6	1165	0.00412366707547709	0.015728892771588843	Exact binomial test	two.sided
