cancer	kras_allele	kras_allele_count	real_kras_allele_frequency	avg_kras_allele_prob	index	ci_upper	ci_lower	ci_upper_avg_kras_allele_prob	ci_lower_avg_kras_allele_prob	num_cancer_samples	estimate	statistic	p_value	parameter	conf_low	conf_high	method	alternative
COAD	G12A	19	0.04103671706263499	0.08737825414299305	2	0.030574900675932437	0.03592010396086037	0.11795315481892549	0.05145815018213268	512	0.037109375	19	1.0301735604849479e-5	512	0.02248745162331636	0.05734588681372432	Exact binomial test	two.sided
COAD	G12C	38	0.08207343412526998	0.16582710592984992	3	0.05588576628342805	0.06300181173671947	0.22171287221327796	0.10282529419313045	512	0.07421875	38	1.3905600497760165e-9	512	0.053054034174592125	0.10045003477589487	Exact binomial test	two.sided
COAD	G12D	150	0.32397408207343414	0.32663302746434647	4	0.11226706226912887	0.12352974611274235	0.43890008973347533	0.2031032813516041	512	0.29296875	150	0.10915543676311057	512	0.25386289405812085	0.3344842869575605	Exact binomial test	two.sided
COAD	G12S	20	0.04319654427645788	0.2206918902676873	5	0.07669463607220425	0.0850480044982497	0.29738652633989154	0.1356438857694376	512	0.0390625	20	4.0548774666278645e-31	512	0.024020809593503674	0.05968598191731189	Exact binomial test	two.sided
COAD	G12V	100	0.2159827213822894	0.19946972219512324	6	0.07136930522370517	0.07966269189681298	0.2708390274188284	0.11980703029831026	512	0.1953125	100	0.8682364048481194	512	0.16183882163060814	0.2323486328694232	Exact binomial test	two.sided
LUAD	G12A	19	0.10215053763440861	0.09608828315845235	1	0.05554214845537497	0.0655326767201872	0.15163043161382733	0.030555606438265145	213	0.0892018779342723	19	0.8165977749428945	213	0.054561575319409264	0.13579406263948435	Exact binomial test	two.sided
LUAD	G12C	93	0.5	0.38468004026009645	2	0.23391965246988095	0.25363712685442985	0.6185996927299774	0.1310429134056666	213	0.43661971830985913	93	0.12172038482084321	213	0.3689667044296206	0.5060617844355491	Exact binomial test	two.sided
LUAD	G12D	26	0.13978494623655913	0.1856920836472862	3	0.11013241079197927	0.12455794693738795	0.2958244944392655	0.06113413670989826	213	0.12206572769953052	26	0.016985280896130054	213	0.08130886075197348	0.17372046692655052	Exact binomial test	two.sided
LUAD	G12V	48	0.25806451612903225	0.333539592934165	4	0.20288138703189906	0.2201548482092127	0.5364209799660641	0.11338474472495233	213	0.22535211267605634	48	6.176797387731953e-4	213	0.17107785064991463	0.28744023357907456	Exact binomial test	two.sided
MM	G12A	16	0.08791208791208792	0.22213769793101112	1	0.06779168286336355	0.07648576941938516	0.2899293807943747	0.14565192851162595	265	0.06037735849056604	16	1.2323390897413843e-12	265	0.034901205594901535	0.09619899910280705	Exact binomial test	two.sided
MM	G12D	32	0.17582417582417584	0.4747142676541911	2	0.14350864334664692	0.15654182002937217	0.618222911000838	0.31817244762481894	265	0.12075471698113208	32	9.087086365904369e-35	265	0.08408112941676307	0.16617631626399165	Exact binomial test	two.sided
MM	G12V	19	0.1043956043956044	0.30314803441479776	3	0.09311636835188053	0.1032966683661244	0.3962644027666783	0.19985136604867337	265	0.07169811320754717	19	4.4398426861294015e-20	265	0.043716272658412735	0.10970287180349203	Exact binomial test	two.sided
PAAD	G12C	16	0.01419698314108252	0.21950523705168862	1	0.09641266961369829	0.11001669596477734	0.3159179066653869	0.10948854108691128	1165	0.013733905579399141	16	6.6167061525659505e-99	1165	0.007869943281380043	0.022207409692518	Exact binomial test	two.sided
PAAD	G12D	471	0.4179236912156167	0.3400984478731302	2	0.1556747962206453	0.17395116669802918	0.49577324409377554	0.16614728117510102	1165	0.40429184549356223	471	5.304112588885497e-6	1165	0.37595408355772136	0.43311408857178546	Exact binomial test	two.sided
PAAD	G12R	202	0.17923691215616683	0.07143892966452169	3	0.03067369143165869	0.03835416073940435	0.10211262109618038	0.03308476892511734	1165	0.17339055793991417	202	4.34064642108906e-31	1165	0.1520680007786644	0.1963759308247366	Exact binomial test	two.sided
PAAD	G12V	386	0.34250221827861577	0.36895738541065953	4	0.17266125742870608	0.19138966733743643	0.5416186428393657	0.1775677180732231	1165	0.3313304721030043	386	0.007545681001255251	1165	0.30432726953788486	0.35918819861791573	Exact binomial test	two.sided
